pass_number,scan_date_time,attraction_id
9080522279,2021-01-01T00:19:58Z,ac0d2a10-324a-4dcd-bccb-8c3358419bf5
2572410567,2021-01-01T00:29:33Z,4850290b-1846-4faa-b8a7-62a2b03ff153
1216690944,2021-01-01T00:56:29Z,4f734c65-d9e9-431d-a17f-3fdbdd02f44d
6400838619,2021-01-01T01:12:15Z,fd4d8367-6bc5-4e8b-9eee-210ac283c1ef
171812131,2021-01-01T01:52:21Z,1ce88d8e-defa-43bb-8586-0272df6d173d
1650551088,2021-01-01T02:52:37Z,1d45cc8a-92b6-46db-89e6-affcb17f8800
6161120232,2021-01-01T06:45:15Z,feb3cbeb-45df-418e-a4cb-442cba6a91dd
7376512233,2021-01-01T06:59:19Z,7fd6a0e3-2959-4974-8486-ce85e8462bc4
3411099593,2021-01-01T08:16:59Z,9308d6ef-2281-43cb-b666-7903a16cbb40
5206830542,2021-01-01T10:12:41Z,3aecc82b-3e45-4407-ac67-fad8af6633fa
7520143325,2021-01-01T10:39:39Z,5c4b94f6-e596-48b1-9c44-8267111af41f
7801805011,2021-01-01T12:11:10Z,f8d56069-bf9a-49ea-a0b5-fae8ac514fc3
2389001254,2021-01-01T12:22:18Z,b00057d4-d071-4b35-acca-90149885e795
7801805011,2021-01-01T12:37:10Z,1d45cc8a-92b6-46db-89e6-affcb17f8800
9004438319,2021-01-01T12:42:15Z,9d5c4e54-68b4-4215-94af-356fb6a34d4c
7739179159,2021-01-01T12:50:59Z,d1fc795f-1716-4f4a-a1a1-20a431568373
5037748828,2021-01-01T13:03:36Z,0eea1d22-f336-4fc7-aa13-38c1fe53e46b
276956222,2021-01-01T13:06:50Z,fd9077c2-4179-4682-995f-565df005a094
6794835479,2021-01-01T14:06:19Z,fef41c42-357e-418f-b845-1543cc202f00
1927460581,2021-01-01T14:40:13Z,43ddaa50-8d69-4b0e-8578-36ad8b4ed3c1
8343382366,2021-01-01T14:45:38Z,2dd82a14-8ead-41f3-af87-9fc894635d97
408460121,2021-01-01T15:07:42Z,20c852d4-7db4-4e4b-b8fb-bede979ed85a
1273743075,2021-01-01T17:12:25Z,6aaffe25-4a10-4a6c-9203-82965b2a5f10
4952362345,2021-01-01T19:03:05Z,ecd382a9-8d66-4f7d-8df3-85bda6e1c3bf
4373386773,2021-01-01T21:26:46Z,362684c0-9a00-4ef9-9cac-2879036da180
8677377018,2021-01-01T21:59:36Z,31be85bf-e210-48c5-aa14-d7289af9955d
7986418168,2021-01-01T23:11:18Z,4b80b76f-3829-4552-9126-e7fc1c43f83b
5301094386,2021-01-01T23:39:46Z,60c4d61c-b928-4f43-9771-7c813850bb83
5176990342,2021-01-01T23:43:54Z,bad3cd2e-2c4b-45e3-b47a-5c596062e5a4
224256491,2021-01-02T00:50:54Z,7103a105-66a7-4790-a9e4-37c104d14b9e
6271548172,2021-01-02T01:01:55Z,7b732dcf-065b-4995-99cf-d5e8d5c4a41d
2974071937,2021-01-02T01:16:28Z,c6f20361-f6f5-4b47-a3fb-c824fd0c3a6f
6501355559,2021-01-02T01:24:27Z,c138da1b-6919-4d0d-95be-9eb21499e98f
3517716944,2021-01-02T01:26:02Z,6e22e0e2-4709-4ab4-835c-0349a1f802c5
1057973505,2021-01-02T02:04:30Z,93ff74f5-4d37-4d90-966f-f7cb1806ce0a
6089555355,2021-01-02T03:14:18Z,8216d6ac-a0fa-49d3-9f43-0f52248efd49
5166372689,2021-01-02T03:15:49Z,2e6785ee-3b9d-412b-b7bc-b1b729bc5d2a
3784865127,2021-01-02T03:42:24Z,73bd6bd1-e651-4c48-a2d0-3e62e3fdd220
3178101977,2021-01-02T04:16:39Z,c6d97952-f29e-448a-84c9-707eec18d205
5560780758,2021-01-02T04:26:01Z,b9f9b516-0b2c-4185-b8a9-9ae775053ed8
9365230179,2021-01-02T05:08:12Z,1c7144f1-aaf8-4486-99b1-34dbc810cd7f
3046560192,2021-01-02T05:18:14Z,b700448b-7ae5-44d8-bfef-cf4889a71c98
1799530701,2021-01-02T07:18:47Z,7ddd2d1d-6276-402e-8254-323861b5c3a9
9076741751,2021-01-02T07:26:16Z,99f39330-d60a-4a0c-8e34-3eb477eb6431
6782230526,2021-01-02T07:36:10Z,faa3cb2c-8341-4e9a-86a0-d9b126bace2b
8588845040,2021-01-02T07:58:50Z,67758d8a-e02e-4c34-a90d-71e9b0d42fe8
2127092589,2021-01-02T08:00:53Z,7f65c3cd-5d5c-486a-9a1f-2bbae4e405df
7365473339,2021-01-02T08:56:12Z,d1346bdf-12e8-4441-98aa-955ff83e2ccb
3470759790,2021-01-02T11:36:21Z,b3a4dada-9a6d-4a9f-95ee-12443a944caa
9436887140,2021-01-02T12:05:48Z,d8f069ad-1ac1-4883-93b7-ccacaea43864
9607158490,2021-01-02T12:51:38Z,ac8f9981-bb2a-4adb-b15b-63b6697ecaf8
8387536636,2021-01-02T12:52:37Z,0b4dba7d-2626-4087-8403-ff150f811506
8159304927,2021-01-02T14:01:28Z,ce5212c2-d336-4929-b5dd-df45699d10d8
1830503022,2021-01-02T14:08:26Z,f0048a71-b4ca-4e34-aeab-e12739166979
4340281719,2021-01-02T16:27:11Z,19d9b1b6-a5a2-44d6-8702-733c5d88e866
6453344521,2021-01-02T17:01:12Z,ba29e082-0d2b-49b0-984b-ae1cfd20a2c1
6278542803,2021-01-02T17:09:10Z,6a0b6c0b-627c-4358-acd7-e2097b88254e
6347827034,2021-01-02T17:49:34Z,6a0c78ed-1627-4f67-abaf-890a84bddd84
1841791679,2021-01-02T19:28:52Z,3b226e90-e1c5-43cf-adf2-79342cdadcd2
8963153800,2021-01-02T19:29:02Z,58e2a11e-b415-46e7-bbc1-2905d8d086cc
280210833,2021-01-02T21:29:40Z,fd56ec82-0671-48d3-a708-d368b3837bec
3616703999,2021-01-02T22:08:26Z,7b9c24b2-7a28-4318-b06d-f1e8493c0ec6
9970759116,2021-01-02T22:17:33Z,2a6536b9-9c79-454c-84ce-1a32987f3369
7387383464,2021-01-02T23:26:29Z,546a6b34-3964-47d0-b6f3-75e2412dcd85
5150094285,2021-01-02T23:28:52Z,1bc2eca6-d602-46f3-9513-75d749286854
4499767717,2021-01-02T23:29:19Z,19cd5e48-466e-4608-a347-e3188960010a
6810304959,2021-01-03T00:25:56Z,780b6481-5bf7-481d-b332-d4f351e9f665
5773059908,2021-01-03T01:42:21Z,1e88831b-6d83-4936-9a2a-67bde19c85d5
2201124531,2021-01-03T02:05:39Z,8e75879f-496f-4e88-915a-8df06d4c76c3
3549256973,2021-01-03T04:24:57Z,bec734fa-4a9c-49e9-a9fa-07cabd2b73c2
8357593763,2021-01-03T04:27:09Z,9ec190b1-099f-4ed9-b767-a0c186a95891
322215048,2021-01-03T06:26:06Z,baf1a213-1c14-4c0c-bafd-d4d9121d8771
5718078092,2021-01-03T06:34:12Z,90198000-c6dd-4cda-b723-f7fb8e8bb7de
8702257017,2021-01-03T07:15:53Z,cc1749f3-1cdb-43f4-af66-be153f54641e
7279583709,2021-01-03T08:05:28Z,02ac4e9e-ec37-4387-927c-5e6acc63e567
2367394075,2021-01-03T08:09:57Z,3cee3636-26c3-4a1e-bf82-faaeaf26d928
8034969095,2021-01-03T08:43:40Z,10c75480-9c26-4c5a-9f4a-6a3c1789c565
5973840522,2021-01-03T08:50:20Z,796b878c-d7b6-477c-84d5-0eb779f807af
8692318752,2021-01-03T09:31:34Z,8e639417-02bf-4105-a44b-59b799c70510
7960445907,2021-01-03T10:28:51Z,c87404f1-2ae2-4150-b26c-3ad27e629e63
407525203,2021-01-03T11:38:25Z,d4283e83-5be0-4d4c-bd23-836100c3580b
37842358,2021-01-03T11:52:22Z,32af9afe-d5be-4c92-b80f-6dae6886ee14
7081022197,2021-01-03T11:53:04Z,f6b40129-d4af-4abd-96e3-6090bdf13456
2285705115,2021-01-03T12:28:33Z,16a0b6cc-9676-4fd1-b811-640b6cf1078d
3869768746,2021-01-03T12:35:42Z,6e3f2199-7494-4aa5-90c5-2ec5072db8c3
5417823619,2021-01-03T13:39:34Z,af31b131-bac9-41a8-8925-c18ca3ae6c60
3613630974,2021-01-03T13:50:35Z,5f2ffd90-e60c-4fb4-abb2-e2b9912cc047
2259594638,2021-01-03T14:43:47Z,cbb26757-e774-4e17-a5db-3fc66f9d4fba
6544413828,2021-01-03T14:50:31Z,de8b253c-c776-47ee-9876-548ebef1c761
8146094716,2021-01-03T14:56:34Z,b7ade991-4a45-4c7c-981d-cf3e14184f37
959435468,2021-01-03T16:26:34Z,4df99018-9cea-47c7-ae30-678f456148ea
6123508229,2021-01-03T17:21:08Z,757aee51-ee9f-4edf-8727-5b4619854525
5897016542,2021-01-03T18:11:29Z,ba07d387-00c2-41dd-8709-ac870f1800d0
8638780974,2021-01-03T18:27:41Z,99935c36-1b7f-4e98-bec2-031419366a6f
9267351494,2021-01-03T19:44:25Z,531106bd-c5a8-455c-b470-cd93e8dc5679
7295768718,2021-01-03T19:46:53Z,061798fa-7fba-41ed-a321-9549b16b2f4f
9548518937,2021-01-03T20:33:39Z,2610b47d-1bfc-4460-8a92-1183a253e215
5471235398,2021-01-03T20:59:45Z,f8f32851-c019-4363-b4d9-10e2b6fb8a9e
2549827104,2021-01-03T21:50:10Z,5599c3d3-6394-4d96-86fd-0d38eb9822e6
6342057281,2021-01-03T22:48:18Z,a172758f-64e0-4950-a37a-6e6bf6812484
3781777006,2021-01-03T23:09:54Z,38451baa-eafb-4ba1-9866-2866efcf3312
7748556261,2021-01-03T23:15:28Z,3a323cef-88d7-441e-ba95-61dd7bc6671b
8386471522,2021-01-04T00:51:10Z,78016ff8-6297-4014-8dc0-db343e851fe3
3712951868,2021-01-04T00:54:36Z,e792a00b-01bf-431f-96ca-84a00533304c
7541040150,2021-01-04T03:06:05Z,68653054-964e-4e08-83be-70c16dfbbb94
1523925116,2021-01-04T03:40:58Z,32f50e9f-6d65-4bad-86f7-9189ea2bdc52
5147452249,2021-01-04T04:42:50Z,ba82594c-6e4d-42d5-a3d7-1a66842fa123
8993072795,2021-01-04T05:06:14Z,3883ab92-a725-43fc-996b-2920dd559864
6847840773,2021-01-04T05:36:15Z,ac0398f2-7c8f-44ff-b2fb-21d3edf45496
7238561670,2021-01-04T06:11:31Z,1e40f8d3-3628-4022-88c8-b3b2ba0323fb
1897635095,2021-01-04T06:58:47Z,1193c629-cd52-49ba-be50-d8fa74bef6ff
849419069,2021-01-04T08:34:37Z,b3a063cd-8ef1-4642-80b8-bb05b8ce8daa
5089128405,2021-01-04T09:28:25Z,93d9c681-8b6c-4a0e-9b67-f4f6fa03318b
2886996939,2021-01-04T09:46:06Z,0dd47e09-30f6-4024-a3a7-d9df891f07a8
8002472535,2021-01-04T10:19:54Z,a4a4c5a5-94f3-4779-9865-b35aa1bad309
6024138229,2021-01-04T10:51:32Z,b0fcb61d-7dcf-4f5c-b85e-745d8a68e6f4
8366428095,2021-01-04T12:27:31Z,09121975-b41d-418f-8ff0-e23c0677e92b
3305467517,2021-01-04T12:58:50Z,e1a9198d-3d77-45ea-914d-993afe42b5e5
8639446075,2021-01-04T13:54:23Z,df89b92f-3251-4924-a2f9-72c544ca8845
6283216188,2021-01-04T15:47:27Z,4a9de481-7b3d-4b84-a20a-5e88500e9787
6114864174,2021-01-04T16:31:40Z,53933507-0714-4c8b-94fa-af055ea6381f
367174685,2021-01-04T17:14:44Z,82efdeab-ee3b-44a4-824e-a25b62b01bfb
9283127668,2021-01-04T17:51:46Z,75269211-0d45-4bbd-a834-d7adbd86a28e
2870598564,2021-01-04T18:39:13Z,8ddc5e8d-6677-494d-a767-a9258cc31cd8
1155128443,2021-01-04T18:48:07Z,c074995e-855d-4499-b380-8752c0cc83ed
1068485264,2021-01-04T19:24:01Z,312f6572-1f3f-4802-b583-7420dc7609d9
1255780002,2021-01-04T20:27:35Z,26e5e975-7856-407b-9e20-4115dcecdc16
6319091207,2021-01-04T20:38:01Z,6d24edc9-9614-4d8c-8612-46932a652b12
1901720969,2021-01-04T21:03:49Z,05aa5b45-efa5-42ac-8624-46f1a70da25f
65711831,2021-01-04T21:12:45Z,7624cb51-ad15-40a1-a2c4-0b2e137ab72c
8251436842,2021-01-04T21:18:07Z,ed95f2fe-3f10-4941-af21-86fca6a8eafe
1752539877,2021-01-04T22:14:54Z,bafd7c06-f03b-4eaf-9652-21bdae459024
1104734206,2021-01-04T22:31:12Z,5035c945-67d0-49e7-9dca-a7a8b2d69193
9487452117,2021-01-04T22:38:06Z,70adff46-4e19-47fd-a8a3-07c1c5992737
8806320114,2021-01-04T23:14:56Z,71745c9f-9ab6-4dee-8266-f88af78f18c0
1321525923,2021-01-04T23:56:19Z,3caba2bd-a8e9-48d5-b11a-9939b31ec9ac
2398441946,2021-01-05T01:31:50Z,532e9523-ce67-47ea-94ed-34731d7449cf
7729019272,2021-01-05T01:43:39Z,1604ebc9-d943-4029-8b53-dcf86725df23
6397421554,2021-01-05T02:53:12Z,1c70290f-0283-4441-b398-54f6a9b20ccb
7030360451,2021-01-05T03:08:20Z,60187c35-7dc4-42d8-a67d-57124a24f165
9647662343,2021-01-05T06:21:38Z,36d8d6e8-3f49-421e-9071-97cfef500aa1
9937442745,2021-01-05T06:30:47Z,18a93ecc-f081-4427-adb6-2d478392b1c1
3323203410,2021-01-05T07:12:07Z,af3bc6b2-9972-4a16-be72-dd12da86ec93
2914383894,2021-01-05T07:34:44Z,6cde41f4-f9a3-4437-af60-3e931d163078
6264380792,2021-01-05T08:21:10Z,9c5efb29-b535-42bb-a705-917469d7090d
1221287354,2021-01-05T08:37:30Z,ff9b55be-4f28-4765-9589-8873e6563c2a
7581360571,2021-01-05T10:57:33Z,9ad559b4-b615-4d24-bba2-ef4bc4ec1c0c
959157018,2021-01-05T11:10:15Z,4a473430-ba7d-4745-b726-6a9009551e47
103991093,2021-01-05T11:40:07Z,3bdc18f0-8dfb-49f3-abb2-0b855dda9acf
6381400951,2021-01-05T11:43:28Z,cf6e21ec-2f4a-44de-af1d-d2d4d3de5f41
3329487682,2021-01-05T12:20:49Z,ad7e1c1a-ec93-4f04-8a05-478cb1d7a0a7
5027163754,2021-01-05T12:51:00Z,1f39d59e-cec1-4b5f-911d-3adde1ad967c
7477844584,2021-01-05T13:14:36Z,2ac74625-4bd6-4812-9f4d-6b4228ac9ef8
6153561497,2021-01-05T13:34:14Z,92bc00da-1013-49a5-a7a4-e336bd39f5d6
2077918683,2021-01-05T13:35:39Z,b9955abb-ab71-4d23-a071-2a995e34f6a6
1284313042,2021-01-05T14:36:25Z,252c5fb6-e129-4df6-b554-29c6e649599d
5993100257,2021-01-05T14:39:14Z,0b5da082-8e7d-45f4-b0b5-cd8165be45c8
7143362298,2021-01-05T14:57:27Z,f63446cd-9f6b-49c7-974f-e0863c513e15
2872503129,2021-01-05T16:31:46Z,018c4139-60b5-411a-a694-d29d663d353a
2590037341,2021-01-05T16:59:41Z,44af9149-a365-44bc-a685-736a2bbf7953
6403215809,2021-01-05T18:08:15Z,0408f43b-0592-4945-8d67-319527e8f197
4132977900,2021-01-05T18:11:06Z,6115e759-db63-4708-89bc-c3663de92f0b
6403215809,2021-01-05T18:28:51Z,ce5212c2-d336-4929-b5dd-df45699d10d8
7088838427,2021-01-05T21:05:03Z,da541354-b3a6-48d9-bab2-9a72b30b2377
8085442299,2021-01-05T23:03:19Z,c6a24365-52d0-4f50-9254-b8d4cdc4b310
497932091,2021-01-05T23:25:15Z,3607dbe3-a2ac-4b0f-9044-58110e278d5b
9135921021,2021-01-05T23:47:01Z,5f6cf0f9-5970-4be3-8296-8a769b145e0e
5570825053,2021-01-06T01:46:49Z,34d07ab3-1fdf-4222-913a-476de7bd5570
8122940099,2021-01-06T02:10:13Z,9a90f6f0-4b3d-4098-9ff4-eacd5d6e9f1f
6674406805,2021-01-06T02:53:27Z,ac9b1f88-9f47-4ea7-aed9-c00fbcce6423
334898080,2021-01-06T03:44:05Z,7b35f7c7-f456-405c-bd51-98c2fa738e7b
5455707213,2021-01-06T04:40:30Z,cc5dbcac-ed1e-4860-a7b7-eba8ca14650d
7119476629,2021-01-06T04:41:55Z,285e7e95-3b0f-4c8d-a4df-89d3918aa683
2677008491,2021-01-06T05:17:16Z,e5126132-cd28-497b-9bfe-fa5a8f31a4f6
5735760882,2021-01-06T05:31:47Z,95e4fb21-d73f-4441-9f37-6f2d07997b5b
8320715024,2021-01-06T07:18:25Z,95276cb0-1220-4707-b2d7-8fd7da3c788d
6834135693,2021-01-06T07:28:49Z,9464e6eb-21ec-40ec-b161-6a053d5ec784
7387155429,2021-01-06T08:19:42Z,4aceddee-b529-4fac-b1d0-d7ae3f2b846e
5328189310,2021-01-06T08:20:51Z,f4c18d5b-ef42-4e51-affd-f369e7043996
8690045554,2021-01-06T09:02:26Z,967b4754-3d94-428f-9a46-e271688e92be
5122673004,2021-01-06T09:25:08Z,f68c79d3-08b7-4481-b816-eaa8f79f723b
859701883,2021-01-06T09:32:53Z,4fc8392b-757c-4c09-b51f-c9c5a02bee30
8891315966,2021-01-06T09:51:16Z,2a9d9929-76e5-4a79-a889-4be3b39e68be
4037822857,2021-01-06T10:57:12Z,efa7cf30-bd1c-4e08-bb97-edc23b9a698f
5528466148,2021-01-06T12:30:59Z,829aeb8c-1f2e-4ce2-a2c7-9a7e9d95e9f4
3020254361,2021-01-06T13:44:18Z,fb9d9cf5-ce46-4489-9992-9222f7d4e84a
639664679,2021-01-06T14:28:21Z,f41ba4eb-6d6a-4e60-b501-8edf028f9f31
8206648275,2021-01-06T14:42:31Z,afc3855f-022e-4b1f-8864-9a53456a58d9
2319939059,2021-01-06T15:54:29Z,f2e7cd91-027a-48dc-95c4-e410ab57f1bc
3568594722,2021-01-06T17:23:09Z,56230707-70ba-4131-beda-5db16c3d8398
6456513499,2021-01-06T17:29:09Z,a2c786eb-4027-4f44-ad78-a8cff4e314c9
3448084778,2021-01-06T17:55:01Z,7d90c3ae-173d-464e-bc92-95c030ecc246
7533254171,2021-01-06T18:03:32Z,42cd9c8a-65d7-4617-94aa-e86b399a7fe2
8543242444,2021-01-06T18:19:21Z,b27f7ded-6a41-4bd2-995f-9bd9bc2525c8
2978327057,2021-01-06T19:05:03Z,8f244cd2-9663-480d-8c0f-2f60e0e2b91c
4385780471,2021-01-06T19:28:39Z,58fee984-b21c-4183-92a0-ea644a66521f
3121041940,2021-01-06T19:42:21Z,c0111c6d-88fa-4203-9599-29df04f2ebcd
5704519415,2021-01-06T19:44:59Z,5b1e202e-e19a-4a78-a36c-3d18d0c526ee
6122082287,2021-01-06T22:07:28Z,4152806e-eba4-4e1f-b2b1-8a4405e1453f
6959488788,2021-01-06T22:47:00Z,134c7a66-d82b-470e-9544-a188bbe3f9fe
1242725490,2021-01-07T00:06:38Z,d7bc099b-c333-4f08-973d-0e8889d35898
2719693901,2021-01-07T02:09:34Z,4397ddd8-c866-49bd-abb6-934bc61b0524
8424214153,2021-01-07T02:25:13Z,87d8a63a-422b-4fe4-9da6-3957e80e1511
7209089454,2021-01-07T05:38:43Z,10ea645f-7cf0-429c-8a10-799d0c4fad12
4333717949,2021-01-07T05:46:16Z,dc940f01-68ab-423f-9e58-077b7b26c292
4599393568,2021-01-07T06:33:44Z,a12d1510-57c1-456c-a176-5a5b4195508b
5965704526,2021-01-07T06:37:26Z,ccbe3f07-13ac-4763-98d3-e41ab56b5483
6790856277,2021-01-07T06:53:59Z,a8873593-8542-42cd-a819-2eb7ca8faf70
2308434937,2021-01-07T07:17:56Z,c7090a04-a59b-43e9-81f8-638f2943e25a
1701304392,2021-01-07T07:21:55Z,4a1c2c7d-99dc-401a-8706-3bcdb4e25b70
8085134799,2021-01-07T08:45:48Z,a12ce703-910a-45cb-a729-9d93d44262ca
2762095735,2021-01-07T09:34:20Z,aace5017-e3ae-45da-a32d-d38484846912
2445835879,2021-01-07T09:57:50Z,da0218fd-cc07-47a1-a6f7-6e305a437f8c
8240465625,2021-01-07T09:57:53Z,7f8c8865-0b41-4f32-b452-51450029f657
1541165586,2021-01-07T10:49:43Z,c602b241-4aa0-4ea0-89d0-d5cf25008549
7645445505,2021-01-07T12:05:58Z,01781669-867b-43d9-b4f3-2985f9726b43
3727780061,2021-01-07T12:57:27Z,3ac089ca-a517-49d8-b148-8ca50808f9ba
6078709275,2021-01-07T13:47:55Z,91e7a123-1f28-440a-a16b-7576d54b1849
166567140,2021-01-07T15:11:45Z,e71b9da5-03e2-4a36-8de9-220b8ca26e24
1852371412,2021-01-07T16:29:49Z,1549afd5-d76e-4106-a49f-80c7990f8b4c
51004364,2021-01-07T16:39:08Z,9ab42541-a9f5-492d-8f85-7152cb81d15c
8999698122,2021-01-07T17:09:14Z,7958a233-6cbc-42e9-aaa6-fe3e0e76358b
6694085729,2021-01-07T18:14:43Z,4f02c398-e808-4d40-874f-3f9bc93b9cef
4826704690,2021-01-07T19:28:18Z,b8c9f7e1-1c3d-4cc8-9983-a176d0c9a6ab
4526136581,2021-01-07T19:53:08Z,91cc8499-b2bb-4e8b-9eff-d91ffefd0e1d
3377606319,2021-01-07T20:16:44Z,7cebac9f-7eb4-471d-ae42-80bacc0e6af6
4242437102,2021-01-07T20:36:02Z,2fed476a-5f1b-4a1e-9b95-2919f8372aa5
6360389231,2021-01-07T21:12:48Z,ddacf3f3-4f43-4759-a97b-6a23abed7a32
8775058189,2021-01-07T21:21:11Z,bfd3be08-50d7-4f07-9283-294136a9c35b
2566514801,2021-01-07T21:25:55Z,0493b65c-7bbd-43be-afd7-2b9c0b66d058
6360389231,2021-01-07T21:26:54Z,ddacf3f3-4f43-4759-a97b-6a23abed7a32
3762741875,2021-01-07T21:32:12Z,a81648e1-007e-4bbb-9eb2-1792d3a33af3
7052229927,2021-01-07T21:36:38Z,929f0006-968f-42bd-89f1-6d21d764289c
9279268309,2021-01-07T22:58:23Z,a0ff5e3b-a253-4fff-a9c3-6424694450f2
6020345009,2021-01-07T23:21:19Z,204861ee-7df9-4978-8236-19b765aca8a9
2863724266,2021-01-08T01:11:14Z,2edb0d22-4868-4baf-b981-7ee5bbd98e53
4594615058,2021-01-08T01:12:57Z,3871f10c-adb1-4bb5-8367-cb33901283d5
6846287752,2021-01-08T01:24:30Z,b343cc9a-0b5a-44e2-9f61-3b46a3d8c0fe
3478283213,2021-01-08T02:30:12Z,fc38bf69-8675-4f35-aece-b3d34e01f407
2496894155,2021-01-08T05:44:42Z,ea2e0ddb-f8a7-4b13-918c-e2c630e5bc4d
5082350064,2021-01-08T05:51:11Z,f6f6d3ce-17a0-4109-ad1b-a742de12cd04
4304838512,2021-01-08T05:55:32Z,fe4a8ca5-0be5-4392-9076-18ae1af2b95a
460418416,2021-01-08T07:33:04Z,bd73da31-97dc-44d1-80cc-134b1ce691f5
6533615289,2021-01-08T07:34:16Z,5d91eb8b-ad78-4b24-8b08-db219e5bffc6
5035781771,2021-01-08T07:47:22Z,83013bce-dc94-4ec0-ab9c-cc862cae476a
2541829647,2021-01-08T08:21:30Z,c5a0a6ee-5ae3-4776-96dc-c7b2340a89a9
8294012254,2021-01-08T10:58:38Z,954d4f51-00e9-41a9-aa1a-b9339ddf9982
3198667062,2021-01-08T11:51:58Z,9d2f13d9-101b-4e1c-a73a-08cdf1526f99
2109476397,2021-01-08T13:03:30Z,67394123-d9a7-4dff-9739-f03ae751e981
4969503087,2021-01-08T14:19:29Z,2ef060f4-876c-4076-99d2-aa4d4c397ff2
2604426919,2021-01-08T15:08:10Z,61f83cb6-0edd-4ffb-84ec-9bc7092dfc4d
2827129922,2021-01-08T15:38:37Z,6cbfcaff-1e75-4cfb-8242-0c6535ea93d0
7112431913,2021-01-08T15:50:06Z,9ae5a3b6-3f25-42ab-9738-5026acd3b2c1
4311929005,2021-01-08T16:43:52Z,363ba755-1941-457f-b773-80de5fe42181
8157938805,2021-01-08T17:03:33Z,4a833ced-4630-461e-9338-ff9dbfef7f53
2168580413,2021-01-08T17:08:55Z,7c262a30-d27f-4344-b0a2-3956f6124288
3615880994,2021-01-08T17:48:35Z,07e75d3a-080d-4257-aad0-68f9a3dff1c7
6710240614,2021-01-08T17:59:14Z,87cb5157-e85b-4081-b0f1-7c8ceefd6940
5927697852,2021-01-08T18:09:46Z,9f912a5b-2c51-4261-ac66-d8515854eace
8893110636,2021-01-08T18:32:35Z,53711122-3764-40e1-b6fa-afbd4088f2b2
9820598559,2021-01-08T18:32:52Z,e56e6981-2669-41b8-a303-9c1da2dd47c5
8527648490,2021-01-08T18:58:42Z,c36a58a1-00b8-400f-9533-9820989804f2
765904993,2021-01-08T19:16:50Z,1e923b86-6f9d-4679-9f36-492f3f782cc4
1586034561,2021-01-08T19:29:42Z,313cc610-dd5d-4ebc-a16a-2c090b5fb6ef
2303635640,2021-01-08T21:07:43Z,6f4f576c-c68e-4ad6-8d88-ba5a66707c12
376145986,2021-01-08T21:25:42Z,9fb05a8a-7f23-435a-aae3-c2b22bdac4ea
1563959887,2021-01-08T21:36:26Z,5ede7d4c-d390-4924-9464-7488530f6410
6705722770,2021-01-08T21:42:23Z,3fbf9ec5-80cd-4e26-a54e-6998662eeac5
6842405343,2021-01-08T22:50:00Z,6afd72c7-f59f-4856-bca4-506c1f37e83f
715430238,2021-01-08T23:00:02Z,f797cf89-18f8-4a9a-b4e1-7c917442b7ab
4993356145,2021-01-08T23:03:01Z,cd0967be-0eef-42da-80a3-5dba2a10c9f6
5113283819,2021-01-08T23:32:47Z,6d671623-82a9-4416-a309-a114262eb76d
5927364462,2021-01-08T23:59:11Z,f948eabf-88e6-453c-b285-fe44eb3300b2
8775987562,2021-01-09T00:49:56Z,b3cdf848-7be9-453a-b456-c98ca9ba19b6
6912422942,2021-01-09T01:09:42Z,ad850cd6-55aa-47f4-827e-9c82486b3b50
5504301408,2021-01-09T01:19:00Z,9043381c-87df-4616-af82-b5128f2ce5c3
8416410259,2021-01-09T02:04:09Z,bddbbfd1-81a7-4d5c-b3cc-033c4976db9f
8490861196,2021-01-09T02:28:44Z,542764af-1144-4cae-87df-6662321713a2
746671164,2021-01-09T02:53:20Z,497cbbbc-62f8-42e0-b0b6-42f4a57c06bf
2681300347,2021-01-09T04:12:51Z,5d74bc24-f24d-409a-a1c0-e30daa159f6a
1206424613,2021-01-09T04:54:12Z,50ec50b4-fd68-485b-adc1-c7a3c21d6525
8427484372,2021-01-09T05:15:33Z,6fa5ed09-b150-4210-8af0-2da5269e11d6
5140147610,2021-01-09T05:32:31Z,a037b7bf-b6ca-4785-b368-86c1919a7148
2953016309,2021-01-09T05:44:51Z,dcc8b705-479e-4d12-9bcb-763ebede3e3c
7543865033,2021-01-09T06:38:11Z,86053287-fc70-474a-b85c-86d48adc0e8a
4882473224,2021-01-09T08:17:58Z,5232c468-e736-4a4e-a045-7ec4b558d1a4
5606616106,2021-01-09T08:22:27Z,a4f83e5c-0abb-45e7-9cda-1c5978034c4a
1796461202,2021-01-09T09:10:58Z,0be8d9f6-bb13-4ef9-ac48-c2989c210b01
3861478536,2021-01-09T10:40:52Z,b08ab5c3-cb62-4da6-8d95-fa0e68419e32
9320656657,2021-01-09T10:42:23Z,22e14c04-1105-4ae6-a8ef-743f5b5803bf
9658139876,2021-01-09T10:46:44Z,d9f52968-5320-45c4-bba6-493f03ae6cce
692416935,2021-01-09T10:49:04Z,2ab3f0e9-f131-45af-ba63-df3caf0f4355
3861478536,2021-01-09T10:59:25Z,b08ab5c3-cb62-4da6-8d95-fa0e68419e32
6240241318,2021-01-09T11:38:59Z,90fd02d9-29e2-4c98-a89f-3c27a05d2d76
3557500411,2021-01-09T13:25:26Z,099d10da-3c09-428a-8ce5-f781c224b80d
4760795669,2021-01-09T13:51:47Z,fd6a7530-41f7-4ac6-b716-0df9f82cf4bb
8498280176,2021-01-09T14:41:18Z,977d1716-1cc0-468a-a8cf-75e5680ec682
8266141444,2021-01-09T14:43:38Z,ebb577b0-4114-4844-9d84-cded88388ef8
5066154205,2021-01-09T15:54:21Z,65a207be-2a4a-4eea-bcdb-16eee0aa1026
2325670856,2021-01-09T17:18:10Z,65263b9e-75ea-441c-bcfa-d0819e846941
5830535858,2021-01-09T17:28:11Z,8b878ffe-6cf7-40d6-9818-59403571bfdc
8718006957,2021-01-09T17:39:56Z,ffc85884-3a4f-4010-b6bc-b93146648a50
1867161931,2021-01-09T19:23:56Z,df055a40-bf12-4ea8-be8c-1025d560ada5
1048530205,2021-01-09T19:52:32Z,669168f5-4daa-46fa-9888-42c040e555ff
9149226460,2021-01-09T20:28:13Z,720d77cf-7eef-4fb4-a619-de5d647a1f40
7158646998,2021-01-09T20:33:57Z,2b805a7e-e94a-4e22-b819-e8c6d3c3c37f
3722844223,2021-01-09T20:49:46Z,f6614142-cb77-433e-ae3a-c027021a5597
5265997210,2021-01-09T22:06:24Z,51c5cd1f-7b9a-420c-a69a-548c0adefbb2
9852875418,2021-01-09T22:06:44Z,e9a5d19d-03c0-4bdc-8cf8-c3568a2b7da9
7115377456,2021-01-09T22:49:26Z,33af79d2-2c8b-4557-977a-00da6e4e90bb
2046166264,2021-01-09T22:51:26Z,116bebbc-453f-4eae-b1da-04934c1aaba6
3469602506,2021-01-09T23:08:25Z,e1927d54-5723-4eb2-9d79-e08061b334b8
4381869761,2021-01-10T00:34:16Z,64e2c2a8-db79-47c5-ada7-b6b925c425d9
4098070456,2021-01-10T01:24:19Z,0551e2d6-4394-4d30-beb5-2f954584b5a6
8166764814,2021-01-10T01:49:02Z,edb65172-ed3d-497f-b206-28fad2222b83
8896624886,2021-01-10T02:59:22Z,69ca70b7-5afa-4097-bdc2-e83c84052a8f
756347807,2021-01-10T03:59:33Z,264431e1-a9dc-42c4-a3d4-a60484c7df8b
8268531150,2021-01-10T04:33:42Z,618c8675-8223-4342-ac12-e2322ef125f2
2190774241,2021-01-10T04:53:25Z,e2a0363d-1c59-4302-b39f-e12a92221d76
1732380511,2021-01-10T04:56:42Z,7f1d9f50-3aab-4f7f-b2d9-a581a2b87993
437149919,2021-01-10T05:17:04Z,f93a376d-abaa-48cf-842a-2b80e81013ac
3194903853,2021-01-10T05:52:32Z,8f222936-1c6d-488b-a1c9-989bb155477b
9711798581,2021-01-10T07:39:08Z,27801a86-ae98-4508-ad0b-4358d34670ba
9155386865,2021-01-10T08:51:41Z,f1becd18-935a-45aa-9995-0dfefc6436d3
7073463619,2021-01-10T11:20:28Z,412e0e68-b4b0-4cb4-9309-37e96b5becf3
8015770955,2021-01-10T11:34:11Z,2f94caef-6ef9-4927-9a98-70ba2f52ba8d
2330070942,2021-01-10T12:40:37Z,3d1609cd-fe18-4410-8f8f-f274667ee8a5
2124206931,2021-01-10T13:10:43Z,a79913df-22e3-4a12-bd73-5e25cfc76553
4574376422,2021-01-10T13:19:42Z,b41eebd0-083e-4af1-ad83-df022641ab2f
4683314975,2021-01-10T14:54:31Z,d3561cb9-a0fc-4658-9b97-f2f4718b8efa
2932460021,2021-01-10T15:56:35Z,e265abb9-070c-46e6-b063-b40541d78999
4781660568,2021-01-10T16:13:04Z,e89718a2-6c3e-46ec-85e4-062ba5ed319d
1663152012,2021-01-10T17:31:14Z,250e0de6-7f1a-4a1c-9027-eef927606f2e
8604157875,2021-01-10T17:43:33Z,1284ac65-d221-4344-a5af-75ab08cbab9a
3283461600,2021-01-10T18:15:02Z,0d503285-fb07-4db0-94bd-3f2fb18473a8
6445917402,2021-01-10T18:39:55Z,4913a21d-402a-4c5b-b53f-b0d676fab14b
7245047154,2021-01-10T19:05:22Z,2f5c4133-d0df-4cd6-8f4b-0420aa0d3286
5145749589,2021-01-10T19:39:23Z,59fb81ce-9f30-426b-a2c1-6334f876f2fe
1153246767,2021-01-10T20:14:35Z,95ee5fea-5f5d-4851-b582-863c3b2d5147
7259774282,2021-01-10T20:21:27Z,47069e57-baca-42df-bedb-12f2f14edbfa
9898550759,2021-01-10T20:28:51Z,9088769e-cb18-4869-affc-d46db2be6300
3067808843,2021-01-10T20:40:05Z,0ad2153f-985a-42d0-b2a0-2e3a638853b6
2349185621,2021-01-10T20:44:31Z,946ef6a2-2642-42b1-ad9b-56ad33411b6f
1091110581,2021-01-10T21:40:15Z,ee1b490d-e987-4168-82dc-ea5b74694a60
97648248,2021-01-10T22:53:41Z,4ff75393-a54d-4c43-a761-21295cb1f1a3
533509769,2021-01-10T23:38:07Z,786249fd-3e26-46f7-8c51-5ca33f21f715
4686552788,2021-01-11T01:32:09Z,ddf19bec-4ee5-4522-ba67-a5237805ff02
5307002238,2021-01-11T02:48:24Z,11394836-88f7-4c9c-8d52-5e08a953f550
5099941192,2021-01-11T02:57:08Z,def68919-f392-480d-bfeb-acf74d45f2b2
9679911004,2021-01-11T03:07:12Z,95e4cac5-1621-4532-b097-cfd74a285ae3
2941359265,2021-01-11T04:31:04Z,aacc1abd-34b1-4afb-bb0e-45b2cea0c382
1815244151,2021-01-11T04:49:37Z,d0bb3a69-274f-4ca7-90ce-115248dbb9e1
1488524602,2021-01-11T05:54:00Z,2294d591-3aeb-4700-ace4-6fa440c8556b
7125788491,2021-01-11T06:57:03Z,f7181e5e-aef1-4f91-ba74-edcc95f78e7b
177722282,2021-01-11T07:39:25Z,dc4d353e-570c-48b0-bbff-09bb085a4b5f
907037127,2021-01-11T09:02:20Z,4e8d00af-9580-486e-9631-415d3a06d2d6
1056399295,2021-01-11T10:14:03Z,857eedb7-9c9a-4925-a08f-8d272d0b2ccf
243363486,2021-01-11T10:50:48Z,b07c0476-3fdc-4640-9383-39fd3dd0b017
7737425527,2021-01-11T10:54:00Z,eb494e76-ccb5-4aeb-a39d-6be51145ee50
9026875134,2021-01-11T10:54:55Z,d3ee946a-9a96-47d2-b2e2-a3c7f0be65de
5039103786,2021-01-11T12:43:35Z,7424ce96-4f99-43de-b638-1a1057c7aa5b
631885560,2021-01-11T13:54:41Z,7c38606f-59a3-43cd-84d1-5bf53850bd10
1408083337,2021-01-11T15:49:52Z,e57b6dca-82b2-46b3-b889-6069dafba1b9
437680460,2021-01-11T17:15:33Z,0f5c96f1-450d-4991-b9a5-12f59e04098c
7914140473,2021-01-11T19:04:13Z,8b73d3fe-f3d0-4d11-b47c-a787ec170c26
6780691410,2021-01-11T19:12:31Z,96eec355-4bc7-4b76-b7de-371eeda19827
1602584389,2021-01-11T19:22:13Z,fbd2c896-7459-4cab-a62b-c8701cdf9be2
3773101414,2021-01-11T20:19:48Z,e12efb29-3ff7-43ad-924f-b1534ca8b611
9815362380,2021-01-11T20:28:10Z,6284274e-b417-43bc-b882-f1709584bf81
7457094407,2021-01-11T20:29:21Z,70ea6caf-0978-42d1-b534-e6f162176de0
9812210547,2021-01-11T20:52:30Z,77984f20-b786-4f46-8c36-36bdbaa09f0d
2795083035,2021-01-11T21:12:17Z,5aa5f034-aa01-493a-877b-6b39bd60115c
9654279096,2021-01-11T21:17:53Z,f257e493-028f-4b78-86f4-c8236d32193c
7764263796,2021-01-11T21:49:47Z,399cfe2f-43c2-4e62-b675-91007a123d21
2950886779,2021-01-11T22:05:06Z,001b03a1-d88d-43f4-97ff-b2446d3bd5ca
1809704065,2021-01-11T23:55:14Z,36094fe7-ca01-4897-827e-f4a498a21915
172639026,2021-01-12T00:08:19Z,1e8e0fd1-9288-403c-b4d0-c5ad43adc33f
3893635076,2021-01-12T01:28:36Z,7264b31b-5421-4172-a187-65e68c2c0258
267664400,2021-01-12T01:35:12Z,f92ab3f0-e33a-4f2e-8071-5b931d16b5e0
5604287849,2021-01-12T03:20:25Z,6676c27b-8c1a-47f2-aa4e-b80ba1d4b988
8145118751,2021-01-12T03:50:26Z,317675ea-6af1-4dcd-bfdb-4d47a1afe1be
9694985404,2021-01-12T04:06:01Z,c585a036-63e7-447f-a863-ccbde22e2f38
4895412695,2021-01-12T04:54:32Z,e03fa60d-6b57-46db-b3b1-e2bbe8b81fdc
9883068190,2021-01-12T05:44:58Z,69aefd8f-2d0d-4000-a7aa-b0ec43fc465a
8401007909,2021-01-12T06:27:21Z,edabfaa0-6271-49b3-8580-649427b61308
8332307414,2021-01-12T07:16:57Z,58de2d7e-0693-4a93-a5ab-a78c3c9bb4a4
3882064579,2021-01-12T07:39:57Z,11f26f33-8027-45d1-8983-0f184b6af91f
761402217,2021-01-12T08:13:11Z,e03766af-b5bc-4b1a-8592-60597e67d1fd
9370547037,2021-01-12T09:01:31Z,1e63cc34-fa7b-4a8d-bbc7-bfe982ea0ea5
392375109,2021-01-12T11:50:19Z,0fc2e666-8cb6-4005-bdc8-f642594bc8a9
9175442388,2021-01-12T11:55:06Z,7e73dc9a-48a2-42a5-b81f-5e8ba950f4ee
101303661,2021-01-12T12:52:10Z,559fae9b-4277-4e3a-ad8a-bcb3e66c9a95
7269722706,2021-01-12T13:02:24Z,e60ca8d8-6b90-4214-87c6-634f3420eff3
7889608004,2021-01-12T14:07:30Z,f455a36e-bf75-4dba-ac67-7fc569d75da9
3097605681,2021-01-12T14:20:00Z,30a7572b-92f4-48b9-b683-84960c735ae5
6022861519,2021-01-12T15:10:42Z,feb6bc70-c97c-44e3-952d-a9f5489d3ba5
6629821254,2021-01-12T15:17:24Z,3c7103ba-7b4e-4a74-b15f-48de38b83c93
6051052127,2021-01-12T16:53:12Z,295d0225-d7cf-478b-991f-d36152a9d648
963187716,2021-01-12T16:57:29Z,dd27df5d-25ff-4450-a0dc-4d5265a0d2e4
3336478170,2021-01-12T17:39:50Z,8f53e546-1c45-420a-a2e9-dcc89a833cb5
1578169550,2021-01-12T18:16:14Z,6a0a0d89-d208-4be2-861f-19c4dcead6d4
8428786526,2021-01-12T19:12:47Z,ece49685-1ca8-4268-816a-563b84aede3d
3573969240,2021-01-12T19:20:53Z,67d2fe33-c9f3-4949-989e-8cd15f96556f
8615678170,2021-01-12T19:51:56Z,c88364f2-403f-422c-a72d-7278fd131dcc
6550805279,2021-01-12T21:08:23Z,936181b4-a631-46cb-acb6-4d18ca9e2c35
6446319681,2021-01-12T21:23:12Z,fc0ce15b-c1e3-4b3a-9661-9f88bf082861
8447054330,2021-01-12T22:48:00Z,1a5107a2-d25f-4bda-8941-e715e3390685
461763516,2021-01-12T23:43:01Z,540cffee-9b9b-46a8-8372-e20dbb64cb95
6658765685,2021-01-13T00:23:41Z,a916a830-4afb-49be-87fe-c39be4a6aa2a
5774801632,2021-01-13T00:27:34Z,12c2c475-82eb-41be-b0dd-c0d8a7664cf6
8591737776,2021-01-13T00:31:00Z,72f39310-2d3f-4ecd-aa2f-ebf8f0a5e3fc
8171749135,2021-01-13T01:51:56Z,2e594c19-46aa-4513-b4ba-878da623ad21
2626661864,2021-01-13T03:00:33Z,3644a9d1-2ab4-4371-8efb-0bf1d836c72d
6549002885,2021-01-13T03:17:20Z,07ade9e5-5e51-48c3-b9c8-37b3fa22657f
1737256207,2021-01-13T04:00:23Z,2dbcd548-a652-4ec4-885d-7046122a353b
7605625332,2021-01-13T04:06:05Z,be024459-553d-4232-9496-66a1ebdc3a04
9699938056,2021-01-13T04:26:14Z,b6b558dd-c5d7-488e-80bb-79669ef27024
1224769457,2021-01-13T04:33:18Z,740b6b80-5cf2-4c57-997b-4958426360ee
5825065431,2021-01-13T05:06:20Z,cb541479-d7f2-4eab-908b-9af3171105e5
4970355436,2021-01-13T05:11:23Z,3eb005bb-6f31-4bf5-b888-ce798646df45
1134091346,2021-01-13T06:55:33Z,da05ca37-7000-4d72-92a5-41e05126aba8
7258252991,2021-01-13T07:10:52Z,96a94079-39a7-4dd8-a088-e902c80416f8
5317879612,2021-01-13T08:22:39Z,87817c1a-eb2d-486c-8804-c70141e078e6
5539881915,2021-01-13T08:55:55Z,b014d146-a721-4008-98c1-e85bf4047504
7932996708,2021-01-13T09:33:10Z,e1f3b8db-43f8-43bf-b428-fba2fcf8452f
6228668943,2021-01-13T09:33:12Z,4027b7b6-631c-46b1-8957-2802192cd752
9291486639,2021-01-13T09:35:21Z,316c05ec-6aea-4735-b231-892083c64d67
960406115,2021-01-13T09:53:22Z,a9aac28c-fa9c-4c11-979f-94af1a8b429b
6923010837,2021-01-13T11:05:34Z,edb4238d-a19c-42a3-a529-d36f3d2dd27f
2754954937,2021-01-13T11:15:24Z,6ea94f4b-1f9d-4edf-9d9f-818678a0f0eb
7264282643,2021-01-13T11:23:05Z,c6b28f16-ea9d-44da-bea1-acaef75a7fc2
9936666658,2021-01-13T11:59:05Z,b722264d-2d6c-49bf-b5ae-c8e63233d71e
9590338267,2021-01-13T12:06:54Z,1eaebbae-86d2-4406-b1aa-96001eb483f5
3829769512,2021-01-13T12:28:00Z,a723c45c-4c40-4a9a-8f37-a4fb2146cccc
1331027160,2021-01-13T12:47:20Z,569be88a-9a86-48e6-91b5-fa5c65022349
4278798431,2021-01-13T13:27:31Z,6771a6ab-662d-4d9c-9d0e-1f8890977baf
9647139128,2021-01-13T14:30:10Z,87fcc453-c26f-4747-be3e-44a63cbd6cb0
6896669292,2021-01-13T14:56:06Z,71669027-14ad-4aa2-ad0b-6988a669234c
3998271198,2021-01-13T14:58:43Z,8aad1224-c5f3-43d9-a227-0f14d573a55c
1101952350,2021-01-13T16:07:50Z,d932f76c-917b-4847-a9e5-968c3d885bf7
9782367745,2021-01-13T16:15:23Z,aa4162fe-01cb-4bfc-80c5-ef777b0bca4d
9639687782,2021-01-13T16:47:56Z,104fe1e2-5590-4554-a3b5-8bd776ffa2db
7346366425,2021-01-13T16:56:08Z,a45d81e4-c08a-43ea-bf42-8581d188b1d2
7777271407,2021-01-13T17:12:20Z,06ce9d78-f3f3-44b1-b70e-1f1d8e33966b
9277646535,2021-01-13T17:28:31Z,7884e26e-734f-4256-a5a6-3037ff94e93b
8751771071,2021-01-13T19:43:21Z,f820b531-f900-49a4-9427-360dd252fd42
1407539434,2021-01-13T20:17:27Z,5075a0f0-aa54-4c49-9446-45ae8d17e3ce
5407260352,2021-01-13T20:31:58Z,06ce7679-cfab-42c1-a803-fda2e0aa60c2
2884620028,2021-01-13T20:45:09Z,7b8dc8ac-fc11-4642-80fc-7b32c0abd2b7
1561260002,2021-01-13T21:10:36Z,0d094a7d-92de-439d-b6e8-5161be1b544e
2561160831,2021-01-13T21:21:47Z,f60b891a-5331-4ce9-8263-c0ab9557a449
6056479587,2021-01-13T22:10:36Z,58d89008-90de-4a4c-99c6-f70f9473f06a
8811928664,2021-01-13T22:21:10Z,3e3ae64d-8d9a-4780-b0fe-25b889f84f9b
9199264056,2021-01-13T23:01:05Z,fff59377-3f5b-4d66-98d4-10458cb2c995
8099770617,2021-01-13T23:54:25Z,a314b74b-da71-443e-a912-4a51643f539e
7076058383,2021-01-14T00:09:31Z,3deeee3f-522e-4de1-8031-a1cdb469e15e
2237065942,2021-01-14T00:20:30Z,848b92e1-7c58-4a5b-8636-60e1c2d1139a
1317001915,2021-01-14T01:21:44Z,8988b33a-aa5c-4059-b99a-762d60b6b931
5768727221,2021-01-14T01:33:44Z,310cbe1c-88a5-459a-aa97-613e55b21de7
8188734004,2021-01-14T01:33:53Z,8b8c69cf-bc3a-43c1-8953-aae19bc7a1cb
9204625902,2021-01-14T02:59:38Z,53c9e550-0850-4332-9059-1edb965a5150
539750662,2021-01-14T03:21:11Z,ae0243fd-d717-4887-b44d-7c4811c06eb1
5821004160,2021-01-14T04:35:25Z,a1d3edbd-72e6-49cb-9b97-3e07a9be4f94
1069139173,2021-01-14T05:00:48Z,501e2ab3-206c-446f-87a1-30b8a8afb4cb
2824938935,2021-01-14T05:20:29Z,810f9334-f212-4cd8-a5da-30f29aa025eb
1989464475,2021-01-14T08:09:55Z,4ea80c8d-3530-4e3a-9fc5-cabdd01707e3
684098458,2021-01-14T08:15:51Z,9557cd90-a2b2-4cf2-9894-b9d87974152d
9493494233,2021-01-14T08:19:45Z,879b1327-8ffe-4a77-94f9-7412ac2d6f29
7847929260,2021-01-14T12:30:17Z,a86863d0-7709-4f18-b50d-2ff6323f687b
328072044,2021-01-14T13:33:03Z,82dd6252-197e-4cf6-acc3-de90d292a0f1
150921969,2021-01-14T13:46:18Z,600127e9-f5b0-44e9-8201-275257dadd1b
7338512027,2021-01-14T13:53:55Z,0f73cdfc-41ed-44df-a8af-88b41459b47e
6848518247,2021-01-14T13:59:23Z,ecccb387-47da-4359-b89e-b1b4d30ccb8d
5757760753,2021-01-14T14:48:25Z,66e077c6-e38e-4946-9312-ce0a27bb2c3b
7042701399,2021-01-14T16:44:27Z,a28161ec-7a17-4e3b-b92d-5f22f4bc4be0
518691411,2021-01-14T17:13:13Z,02d32a9e-65b8-4be2-a2cb-b717039df3a0
2770636685,2021-01-14T18:05:24Z,f7208f0a-a90b-4a0b-957d-332a5848bd0e
6618580838,2021-01-14T18:41:50Z,b85fc972-df14-47d9-b3a3-882dd330493e
7494929363,2021-01-14T20:57:02Z,5b80fdc9-3ad7-4d16-82c9-17deaef2904d
9470035623,2021-01-14T21:29:20Z,30f77be3-ad47-4a06-b761-d41cc9ff0d2f
1364377349,2021-01-14T22:23:09Z,49390fc6-a1e2-401d-bf4c-435d096e31b8
8479709359,2021-01-14T23:24:30Z,9eb46c06-61e0-4d9c-be18-ff848eb55bbf
5079037989,2021-01-14T23:43:18Z,9482a66f-df44-4bd2-99e0-8960298ef7f2
6788441227,2021-01-15T01:59:25Z,37338617-dcf8-4bbd-9397-beb3645205dd
5606400359,2021-01-15T02:11:26Z,e0f44e7b-b401-424d-85ca-66befe9f09df
6253737015,2021-01-15T02:12:33Z,5e75261e-f368-4a0a-9f69-206e3198f59f
8032272658,2021-01-15T02:17:24Z,3e59cd18-190e-427c-93a6-55f3f8c96078
7156476947,2021-01-15T02:23:05Z,365f1137-cc30-4778-8649-9f85e1fecf3f
8966979971,2021-01-15T02:44:24Z,e15ae30e-cee4-4561-b3c7-f0914dbf0933
8975366936,2021-01-15T03:22:49Z,cbcbc2da-3531-4f89-ad45-ccbe20293856
1644077728,2021-01-15T03:23:45Z,701665aa-18a5-48f1-8aea-eec029df2ccd
6058997275,2021-01-15T04:23:17Z,a3ae1afe-c9b9-47bf-90c9-2dc414603e8d
2835724583,2021-01-15T05:39:36Z,419b80c2-fa41-4254-a3ea-7dc49941073e
9121608482,2021-01-15T05:58:02Z,4512103a-faf5-41bc-9bb2-a9d1cad69838
1585875856,2021-01-15T06:12:28Z,74e61983-75ab-4732-a870-871bcb1eb0c4
5380304575,2021-01-15T07:04:05Z,7d7738be-e892-4b62-9f50-5149233333dd
2177420873,2021-01-15T08:19:11Z,d05115c4-0dfc-4986-8d8f-40919f2de860
3170428071,2021-01-15T08:23:22Z,876617ee-83da-448a-b03b-65ed8ab9b165
3073943285,2021-01-15T08:29:40Z,ff2b6f67-f640-418c-9e11-2c751a820c27
7715579025,2021-01-15T08:46:56Z,a8d8a34d-97f1-4203-99c8-11c442eaca03
2550984196,2021-01-15T10:21:36Z,3427a871-5992-4b0c-9ebf-b1cb3f695502
2096203376,2021-01-15T11:14:13Z,f91271ad-21d4-4994-b0b8-fd6e6d0c2121
1197532986,2021-01-15T11:43:59Z,8fb5d990-c791-4e63-a9dd-186104d76e10
6610083630,2021-01-15T12:06:04Z,6ac861f1-1a14-46aa-a686-f0f4437c3fef
917485920,2021-01-15T12:59:02Z,d5ee3cb0-9801-4385-901d-fa7115a4831b
7277902971,2021-01-15T15:45:07Z,994cc979-118d-4419-b73b-96eba8ebe249
1663799326,2021-01-15T15:56:09Z,ae58131e-12a4-4953-95bc-e8be3c35153b
8271730584,2021-01-15T16:17:44Z,015dec5c-dcee-4005-8d56-d7de946644e3
1091289034,2021-01-15T16:38:41Z,6b42844c-94fe-4afa-ad28-02b9d4f47107
3270381484,2021-01-15T18:48:43Z,f5d00aa1-cbc3-4ce9-8cf5-efc3dfab5f76
2624031588,2021-01-15T19:37:23Z,fbf50f86-7d44-4ed6-93f3-57e993c8a3ba
9788430872,2021-01-15T19:45:53Z,2fe7dc20-edc5-482c-88dd-27d640ecd022
8915510089,2021-01-15T20:13:14Z,e51a8de0-f9e5-496c-8895-3279dae3c3b4
6529273824,2021-01-15T21:30:28Z,a8f17f53-cf54-496d-87bf-6af27b5fe577
9250231121,2021-01-15T21:35:44Z,de68036a-b397-40eb-ac5f-0db6108a430c
9728575319,2021-01-15T22:02:41Z,cbc206cd-20f5-4f9a-acf5-b867ed99f7e8
1406672874,2021-01-15T22:23:53Z,848032fb-198b-40bf-b167-52af9b9f5547
9815440314,2021-01-15T23:28:08Z,05c5021d-29dd-4ab7-9440-017439873a27
2163308499,2021-01-15T23:48:59Z,bde032cb-036a-4394-aa1c-774332e1ee5c
4534780885,2021-01-16T00:13:20Z,239cd8ff-8d7d-46a6-8f18-67ff6384dafb
9550913481,2021-01-16T00:13:38Z,ea730997-2fa5-4e51-8eda-7087a5cf8af1
8672437861,2021-01-16T01:11:50Z,63ee13b4-d550-458e-bb24-c2d8ad3a5e97
651023599,2021-01-16T05:19:25Z,407d88e7-7c64-4a26-8aed-bb8f7c81d309
7297300,2021-01-16T06:08:37Z,0d6fc0a7-e54d-413a-9774-1796ebda4fd5
9464333243,2021-01-16T06:18:50Z,23d03224-3b11-498c-aeb9-828e796ef44b
9796767090,2021-01-16T06:54:07Z,972a3fef-0c94-4d6a-b044-3143d7ab31df
7756684559,2021-01-16T09:11:04Z,56681501-886d-417f-929b-7615bcd7adca
1703560167,2021-01-16T09:45:22Z,bee01018-e639-41e8-a819-82115ab1890c
2723968952,2021-01-16T10:17:09Z,31e3aafd-b4e3-4198-a53b-096e59e2a35d
9105074576,2021-01-16T13:30:26Z,b7faddd3-6ae1-4016-b5aa-097edd628e73
2885400447,2021-01-16T13:32:35Z,28e2a4e9-c6a5-4166-afb2-3156969806db
8625512925,2021-01-16T13:49:18Z,33b8ec95-1476-4999-983d-63441ca0ed08
7394013995,2021-01-16T14:07:30Z,e58b7b81-8f52-440d-87a0-23d80b7ba9dc
3850974316,2021-01-16T14:12:36Z,95a04581-6984-43cd-96db-a7850239d994
9775648092,2021-01-16T15:25:41Z,b4b2e43f-6b3d-4b08-9e71-63c15b28ebe7
9587202988,2021-01-16T16:49:59Z,e0cfcee8-7097-4bff-b7a2-cd8603f6e13f
1564349195,2021-01-16T17:12:34Z,dda677a6-b8a3-4dc4-8942-3b58f6284efc
5726230248,2021-01-16T17:34:00Z,53d72def-99ba-45da-9a62-c9e37202e676
5233606844,2021-01-16T18:27:25Z,17576ddb-4b9a-4c64-97f4-c623f5f84fee
9745674451,2021-01-16T18:30:03Z,4aef579a-d6c7-4b4e-a2cd-df8eadc78fc7
4177580058,2021-01-16T18:57:18Z,f1f5f4fb-707e-42b2-8ce9-7b71de15def7
4936301027,2021-01-16T19:36:57Z,be17b5c0-85be-4f08-a5d0-aeb34f8f6ca4
8393769663,2021-01-16T20:26:35Z,735ebd26-54cf-430e-9805-800a5e66c349
7798711716,2021-01-16T20:43:17Z,9c9c7bfb-bc4a-4624-9ed9-ee6f2b2abc87
7560414087,2021-01-16T21:06:05Z,3004ef22-2061-415c-96df-4a803e482c28
3369922975,2021-01-16T21:21:43Z,6ea2bbb8-2087-4472-870e-97d64563205b
9444722805,2021-01-16T21:36:54Z,99b2ce06-57de-47a0-ba08-9f5d16d186ed
697627535,2021-01-16T23:22:54Z,75df419e-ced1-4a72-a4b5-8ba951a2add4
306195984,2021-01-17T00:05:33Z,8b797b5a-3fb2-432b-b94e-13cf10e92a4a
5823682387,2021-01-17T01:18:29Z,63fc431a-1192-405e-860e-c64135107b7c
87394774,2021-01-17T02:16:29Z,e1ff022d-1569-4dc7-9dfc-023bc6053531
6543401966,2021-01-17T02:44:20Z,e80467f4-fd46-4632-b36c-056fb663d2e2
7538452990,2021-01-17T03:01:34Z,df67dd5c-8871-4da1-a4ed-7115b615963c
8498970199,2021-01-17T03:38:01Z,82601711-b778-4561-ab19-9029b67c8aa9
5378972469,2021-01-17T04:34:30Z,d42a9b0d-f59c-4341-abef-e381046b91d7
4781945511,2021-01-17T04:37:57Z,e91efe42-2ae5-4c92-b460-26d6fc031c84
5348961582,2021-01-17T05:06:12Z,fb959c70-e301-4382-be66-2bffb23eb45a
8645120941,2021-01-17T06:49:17Z,5f834f48-ffc2-43c5-af38-61d74f8a957e
3228347222,2021-01-17T07:02:51Z,47bc1d73-39b1-4708-8225-454bd3c2e92f
9819812941,2021-01-17T08:09:40Z,a4ab4b9a-bd2c-475a-a64c-326561dd61ab
9620155084,2021-01-17T08:48:29Z,7ae302d6-8d36-4d37-89fc-c806d0834c85
6726374720,2021-01-17T10:51:38Z,77737756-4229-4d1a-9fbc-1b903c9afdea
5774938913,2021-01-17T11:26:47Z,1b81a3db-5cfc-4b5c-9b91-2c7d39761e94
9647137222,2021-01-17T12:02:38Z,806a199c-580b-4812-9198-09d81ef3ba9f
3502369925,2021-01-17T13:02:08Z,6d1a5dec-854f-4b45-9c29-bd642fd79285
1761667637,2021-01-17T13:48:38Z,d2b1e991-66fd-4fb0-b14b-708dc792302e
5556925178,2021-01-17T14:04:41Z,90f254cd-bb11-458a-8618-2aafb6c99b69
8590374785,2021-01-17T14:56:08Z,bb1f258d-3faf-463f-8daf-771c8b6d22c3
1878858505,2021-01-17T16:32:33Z,a7640d82-0f7c-4943-a977-c11833818c91
9120385455,2021-01-17T16:41:26Z,5e14cab2-7409-47ff-9ee4-e6f5b7341790
8498905001,2021-01-17T17:18:30Z,dc70d98b-0d3a-4b43-bb5c-cd1152a16b90
8891138827,2021-01-17T17:45:45Z,d32667c5-7d99-4a58-bde9-8cd049598935
3012363262,2021-01-17T17:46:25Z,425b0e03-14ad-4d31-ad20-b47ff7ecefae
7603198062,2021-01-17T17:58:16Z,4fe09d5c-e44b-4575-9860-09c55d4fedc8
4017781446,2021-01-17T18:20:59Z,7ffb9600-43c4-4b9e-9060-a1c192e12b24
7582640519,2021-01-17T18:34:37Z,3d350a93-4a63-4172-b5d5-9f7058cc8c31
7985048456,2021-01-17T18:43:50Z,bc76e9a0-63d1-408a-876f-f8a811ad5730
458595241,2021-01-17T18:46:13Z,c8c6ac80-54a1-421d-9abf-d8f19067ffa5
848446380,2021-01-17T19:05:37Z,1c7ceb7e-df82-4895-a44d-436762ac9ba3
3522683706,2021-01-17T19:12:36Z,4bfca026-823b-4f0a-be41-9b4a60d458b6
4689252750,2021-01-17T19:42:44Z,1654f819-7cf8-46cb-9d91-b21129cf004d
8126150580,2021-01-17T20:02:02Z,1451c306-e69c-4465-bc6b-8bde7f9d3232
958832862,2021-01-17T20:53:53Z,8c91f40a-ca9c-4f04-b4a3-644ec2f219a1
1339787237,2021-01-17T21:36:42Z,eec74d3c-1966-4623-8c67-461157a21c1c
1372620818,2021-01-17T22:10:03Z,56cfc77f-0159-4be6-bb24-11c697609445
1639799788,2021-01-17T22:24:21Z,99343c8e-db9e-4d43-a174-bbdf26ed43b4
2550102592,2021-01-17T22:55:39Z,15acf23b-e07d-413e-b6e9-873aca368954
607011629,2021-01-17T22:59:13Z,aa3fdedb-4bdf-41cf-9469-f0e43b925ff2
9732692405,2021-01-17T23:26:52Z,c189f770-2863-4617-af43-ba89b4a3e12c
2180221436,2021-01-17T23:32:36Z,ccaf361e-c1e9-4569-a0e9-460040ac4665
8309468865,2021-01-17T23:52:55Z,156a383d-f0bc-4e7f-9b99-c63e440cdbb8
9120455720,2021-01-18T00:14:53Z,fac7b968-41cd-498b-b2f7-a8b00b534e6e
9751645220,2021-01-18T00:31:51Z,0f90a7d7-fb5f-40ba-9962-2106767e3454
9722001752,2021-01-18T01:14:07Z,58308393-c40f-47b4-8725-44b9f6ddca6c
9928291594,2021-01-18T02:42:01Z,b09cbad8-f66c-4855-ae07-52a0a8e980a8
4209832634,2021-01-18T02:44:50Z,f3141a55-88ff-43b3-98d7-2f74aecc6845
8581101976,2021-01-18T02:55:56Z,06c8c6a3-c0e5-4238-909f-9aa9020fc873
7206050239,2021-01-18T07:54:22Z,9b91d719-3c66-4da9-b558-d3a19a30f4e0
8327379798,2021-01-18T08:31:52Z,e25ce880-34db-47ee-8f17-2a0d1d1e847b
4306159698,2021-01-18T09:10:15Z,14926ba8-ae68-48b6-adfd-26b48fe19308
9577464009,2021-01-18T10:55:14Z,a7880f70-9416-4ee2-91bd-e3f96aa8f98d
8465540977,2021-01-18T12:18:37Z,793ac73c-0944-4bc4-9f8e-75d37657e1a7
657485101,2021-01-18T13:40:51Z,a32ab5b3-1e9c-4e60-947a-2a78baf850e2
4136343566,2021-01-18T14:13:31Z,44126489-e368-4447-be28-99af0588bcd0
5468482665,2021-01-18T15:59:44Z,b82b9b74-db22-465b-a58b-0d5f6b53dc93
5864994359,2021-01-18T16:10:29Z,61930192-fdd2-4ed4-aeb3-6fd6425a3430
8827486356,2021-01-18T16:50:15Z,301cea1d-82ff-4183-9114-62d74675dd38
8561460814,2021-01-18T18:22:11Z,33bfe0f8-bdd3-4a33-b7d4-d983e87cdb9d
1389136914,2021-01-18T18:50:38Z,603bb891-37ac-4dc4-b0a1-4e47acb0248d
9788321569,2021-01-18T19:11:27Z,138219b4-ced7-41d8-bbf2-ed872d11ebc0
8860297966,2021-01-18T19:41:50Z,b127ef54-7c77-4340-8bc5-b70821712ccd
3612917811,2021-01-18T20:23:04Z,241484fa-4a37-413f-8043-1dffcd55d759
3012058222,2021-01-18T20:53:50Z,55a117ec-4e43-4b84-a657-7634c6779255
8267666621,2021-01-18T21:33:44Z,7b0cc38c-f735-4b62-a011-79e440083e4b
2420048458,2021-01-18T21:53:36Z,2cd99257-847e-466a-b2cf-e3bbff3dc9cb
5258707180,2021-01-18T21:59:14Z,e4a569f0-eb78-4157-be1d-fd1c859e19cf
4395379990,2021-01-18T22:02:13Z,d9f81e70-09dd-41d9-9377-ce795971d9d6
5395758429,2021-01-18T22:35:32Z,0a97f5a9-d291-4370-9265-0dccead70d7a
1943177740,2021-01-18T22:35:49Z,c4c09eb3-11fe-4fc5-9994-996c2e61951c
833236806,2021-01-18T23:37:05Z,7fea1fe3-88f1-49d0-b1fb-acc0f5446880
3515516,2021-01-18T23:41:58Z,fdc7580c-1156-43f7-9b03-1ea15e608f64
9284759269,2021-01-19T00:01:36Z,e2867e42-ee18-4d81-8b98-49528c25bddf
3642076564,2021-01-19T00:14:48Z,735c3e88-4449-49f6-8fa6-9508fca4a240
9494949692,2021-01-19T01:39:35Z,effe811e-a1eb-4607-9a67-007854d43da3
6201167587,2021-01-19T02:03:24Z,25b0684d-f3bb-4cc1-bdb6-0d6eaab2df71
6477130912,2021-01-19T02:49:39Z,0040ffe4-e35d-4d38-b3bd-4d42fc7f8a3d
3914502185,2021-01-19T02:52:41Z,8e1d461d-6924-4db5-8c61-a276be522ec8
4943325270,2021-01-19T02:56:39Z,030bb843-abc8-43f3-858f-9c7d864c553e
4537738383,2021-01-19T03:19:28Z,b2915da0-3613-460a-a161-90080184587a
7876269222,2021-01-19T03:28:29Z,5398e713-add0-4fe9-af96-e9172b15b2d3
222081465,2021-01-19T03:34:16Z,c6d52135-396f-444f-957f-0f09fd1c5ee8
6392043365,2021-01-19T03:46:19Z,dfe4a81b-8332-471a-896c-2de311bf5107
7109302458,2021-01-19T03:57:15Z,04d7e97d-8837-4215-b63f-2742b9e3c79a
3303566704,2021-01-19T04:30:23Z,45e94f8f-05fa-4ec9-9a87-652f80d02b83
3391568925,2021-01-19T04:55:26Z,366ded6b-ad3a-475f-8e85-c84a25f95184
6057571363,2021-01-19T05:53:43Z,bb3765d5-ae8a-4a7a-a514-1902472e06c2
4571558902,2021-01-19T06:44:15Z,c450bdf6-2876-4aa0-854b-1cce56bce0fb
9340297067,2021-01-19T06:59:32Z,453b08dc-7138-47d2-bc7f-6befc30de9ed
267224729,2021-01-19T08:19:15Z,83b14517-1568-4c69-b200-24665f4903ac
2268950824,2021-01-19T08:27:18Z,9368607a-108c-4e27-b750-e29abc6b8ef6
1029599688,2021-01-19T08:32:48Z,b1465a02-e2c7-43af-b567-3a4fcc1f7cca
4845253178,2021-01-19T08:37:50Z,cfa4e2d5-4b5d-4114-a4e6-1be2667fa25d
2363470745,2021-01-19T09:29:37Z,67fe7fb0-3b3c-4f24-b986-4861cadc68ba
4704653838,2021-01-19T11:22:24Z,a1028135-72b3-49c2-a2ed-608a0affc18c
6237510141,2021-01-19T11:43:26Z,4229e344-ba94-4746-b8dd-9ce43070bfc1
8554665430,2021-01-19T12:28:53Z,9f67be0e-7deb-4cdb-a97d-05d98f07ef23
3500121276,2021-01-19T16:36:00Z,64b7ccd1-bb5f-412b-93bb-6f82335bb421
2995098796,2021-01-19T18:02:48Z,7f5e644c-08e3-4e40-bcf1-4e774e628d67
7167762733,2021-01-19T18:29:52Z,46ba4642-e94d-4fae-9990-bf363f863c46
3442320720,2021-01-19T18:37:14Z,6e1fbdce-0732-4731-9e06-46e7383f177f
2635433267,2021-01-19T20:08:56Z,f962abb4-700c-4289-b16c-958bd1a004c5
9712410714,2021-01-19T20:48:19Z,4c5f4f8b-f36a-4b0c-b1c3-230587588c8b
4733934130,2021-01-19T22:15:04Z,26d471e0-b8de-445d-990d-7d01a640c417
9178908051,2021-01-19T22:21:10Z,44695094-eb49-470d-b4b8-a8f909395eef
3699821854,2021-01-19T23:13:19Z,5bae2980-ade3-40c2-bd94-d9d356c5924a
9256780186,2021-01-19T23:57:22Z,7bfd3acd-1f63-427f-b184-91ce07ebba67
9256780186,2021-01-20T00:13:32Z,64b7ccd1-bb5f-412b-93bb-6f82335bb421
6562951135,2021-01-20T02:55:45Z,6b00efd8-7f54-4664-9303-31c25617e050
9106213782,2021-01-20T03:37:09Z,4c5dd4b4-2cd4-4f15-83d5-eddefa138ca9
7506698900,2021-01-20T04:08:01Z,e278484c-0977-4f09-a73e-05b65d92988c
3924279144,2021-01-20T04:59:03Z,841e19af-eac6-466f-9807-4fb99a4c1c69
2459605943,2021-01-20T05:06:17Z,b321fff4-8355-41ab-8f57-f097630304c5
8256427043,2021-01-20T05:07:09Z,010e1d2e-afaa-48ef-b591-dd968ac519fd
4285017792,2021-01-20T05:49:20Z,2f2f11cf-60ef-452d-bcc9-751c688a30a2
5735267566,2021-01-20T06:15:12Z,302d2bba-0d28-47c8-a541-d7fd0af528eb
5912555011,2021-01-20T07:37:59Z,b6c20bbc-bd9d-4256-93da-c4909d706648
3979471438,2021-01-20T08:20:43Z,928ebbf7-ba1b-4cbb-ab43-6a5c61302d8e
2242401211,2021-01-20T09:08:54Z,1d5ace0b-e9a1-4d23-a057-6ed33ea61ada
463477588,2021-01-20T09:48:34Z,f5af2323-1af6-4495-9b89-f02cc30b4f4d
2674247312,2021-01-20T11:54:14Z,4fa94887-fed7-4046-9137-aedd8d238975
4576341669,2021-01-20T13:29:42Z,98020b80-edea-487f-ad66-474459836528
2611363196,2021-01-20T13:52:39Z,e688adee-3cd5-424b-ac52-d22709e832ba
4025189003,2021-01-20T14:12:52Z,3b67711d-5972-4002-bbb1-5c9f64b86eb9
6031431548,2021-01-20T14:44:50Z,92ffbbce-b668-48b7-a9a5-14a5478bfdfb
2701993024,2021-01-20T15:28:09Z,74dabfae-5569-4a3e-b7b8-407172f3cb9f
2270631056,2021-01-20T16:25:57Z,7cc84a31-fc50-4de9-8cf9-49d21ffa324e
8533525370,2021-01-20T17:54:39Z,c17150d7-1ad7-46ad-839d-1d60eaf0cdc1
3067815033,2021-01-20T18:45:08Z,c4a6ef38-dc87-4aa4-a411-da22b8861fcf
1229474323,2021-01-20T22:05:47Z,c7021d81-7a78-4b21-853d-5de496ee14a9
1395169519,2021-01-20T23:24:55Z,d4d0b9c2-7e40-4720-bfa3-b06b71b6836a
8433132512,2021-01-21T00:48:01Z,f6faca7e-4eba-4021-866c-bc2a8426eeca
7687850041,2021-01-21T01:35:21Z,925041f3-0858-4e1c-b0d4-31cc00139d08
8468548995,2021-01-21T01:50:29Z,269a26bc-2a87-4f7f-a195-0fc5f0f6cc67
5243436704,2021-01-21T02:09:18Z,09ab9774-40d4-4c47-b1c9-5051afc44a80
9059470389,2021-01-21T04:14:57Z,3316b3fb-9ef0-47f0-bba6-89312d89c073
6440974688,2021-01-21T05:01:40Z,5e010fef-7a5e-4235-b922-a118ce7d4237
5429816434,2021-01-21T06:02:56Z,d44f3b7b-dc85-4d40-a850-5c00122496e7
2280319616,2021-01-21T06:54:50Z,24c16a10-9599-4504-8b31-74a8daabfc8b
8995408138,2021-01-21T06:56:03Z,961f657d-2a40-4494-9989-64e773080ea7
1507081073,2021-01-21T07:02:03Z,76311934-8fe0-43a0-be85-dd82e15aa51e
3074888709,2021-01-21T07:36:54Z,5796ab92-7e8c-46ae-8592-6568cefcc70b
4901637398,2021-01-21T08:45:31Z,fc9edb1f-8dba-4188-a3ac-8b1ac0a72a96
121185354,2021-01-21T09:24:00Z,9e574ffd-e08a-475f-b58a-fc71aebca46f
412889749,2021-01-21T11:32:45Z,ba98dfdc-16f6-45c1-8867-14130c477db2
4475451051,2021-01-21T12:36:34Z,41ba061e-b759-4110-a6de-8f26497c959d
5927694187,2021-01-21T13:10:36Z,2036527e-a6f0-4a18-b438-7fafbb7a30ee
8377746530,2021-01-21T14:21:48Z,c6ef138f-89e0-400a-a971-e40b8ab51cd5
8943562004,2021-01-21T14:41:14Z,a08de1a8-98e3-4ff4-acae-3ecdb29e9093
6058447607,2021-01-21T15:41:44Z,d439c68b-c5d6-4843-bee8-a89caf6b2cd1
5691869922,2021-01-21T18:01:49Z,f11fe990-2f9b-4987-a489-7a7b690ea6a1
4274981940,2021-01-21T18:16:55Z,c6c10ba5-7138-4fac-9fe7-08e156cbfbdd
1271412950,2021-01-21T18:41:14Z,a8b8fe9f-1a82-423b-b38b-e9f2a416270b
1210136457,2021-01-21T18:45:31Z,c3ba5830-bb0b-4913-a9ed-91a979ae3f03
5986219864,2021-01-21T20:35:12Z,61f4e156-621f-4dfb-b082-f03b5b54459e
1287773311,2021-01-21T20:56:33Z,405c0809-d1e7-495a-93c5-97f97bfb101c
7901533366,2021-01-21T22:36:58Z,d44c6c06-d93b-4b6b-a0cb-6239c91ed746
1134206496,2021-01-21T22:46:42Z,78a141a3-cce2-4aa8-a743-098c55ce5e77
3138467873,2021-01-22T00:09:38Z,8261900b-a24f-4965-80ff-b1e3fe6d9650
283372435,2021-01-22T00:26:03Z,137103e2-c4b3-41cf-8b2e-d417b9f14f1d
7124141524,2021-01-22T01:44:30Z,c6cec7d8-3672-4204-88aa-49ad30c89757
5081131105,2021-01-22T01:54:05Z,16e8c46d-f713-4535-9ada-58b879d774e6
8115112666,2021-01-22T02:36:16Z,59ad0888-662e-416f-97c4-559248f981ef
365224618,2021-01-22T03:42:44Z,f867ad76-e1d7-4cdf-b7f2-4370c1d78334
3769237390,2021-01-22T06:45:20Z,c0648796-0cfd-4b62-9aaa-fcb14198d850
7613048373,2021-01-22T06:52:36Z,a8923a51-a04e-4c8a-9e7a-df406c3bc1de
5911526662,2021-01-22T07:20:15Z,bb709e64-46ed-4acb-b1d1-525e7de722c2
2536099431,2021-01-22T08:08:47Z,8fcbb628-93e8-4e4d-b9c6-7e0d3ff67c4d
40805816,2021-01-22T09:06:27Z,96c80246-3552-4f1a-8082-12a928920cef
826578071,2021-01-22T09:18:52Z,d2d54c03-7d72-4661-8988-9d6356836ba0
8304916312,2021-01-22T09:20:27Z,65f7c930-4994-4409-9298-0c7d1e750036
54760895,2021-01-22T09:33:59Z,e2ccb3fc-6e25-49c7-9bf9-3360cb782ca3
8066015631,2021-01-22T10:50:04Z,f9fc87ee-8a42-4595-90d3-ee7932ad222d
7841290063,2021-01-22T14:19:23Z,6103b677-7954-4320-9c79-78d0c221cfbb
3646337389,2021-01-22T14:24:39Z,04ef2e96-dd89-42ba-91a8-6b0ee9877089
8292986375,2021-01-22T14:26:01Z,f6f9a294-1d52-45ca-9d37-6e30dbdf3ad7
8430618961,2021-01-22T14:39:14Z,fbad4939-5dfc-481e-87c0-da630953f5be
9208380920,2021-01-22T15:40:34Z,b76a5c11-9994-4a03-8123-7b6abab3aa19
1884719414,2021-01-22T16:39:18Z,cdb62f22-0bb0-4818-ae84-7b5e07d55968
2062085990,2021-01-22T17:57:22Z,daee5ecd-94a2-48cf-b0be-4a991fd69d26
4211755358,2021-01-22T18:35:03Z,07231b6b-2389-4db8-9227-7a716917913e
6927825606,2021-01-22T19:43:05Z,4b4e0bf1-891a-499f-a651-a017e43573d9
888381581,2021-01-22T19:46:35Z,06ceaf71-bd8a-4e8c-b1fb-c8bcb131ade0
5581979073,2021-01-22T21:54:53Z,d244733f-c49f-4a91-8f67-a171e1d4593e
3544068532,2021-01-22T22:02:05Z,eea90bd3-e679-4373-ab30-8eb7d615ffad
7769259746,2021-01-22T22:46:47Z,c01cb039-1e9b-406a-a6d3-421c4c6a53b0
3515007814,2021-01-22T22:51:28Z,8175969b-148c-4ee9-aee9-678f801fca54
1449041701,2021-01-23T00:10:13Z,ca84a0f9-95ce-4179-af48-dacef7e3899d
9986691605,2021-01-23T00:43:31Z,4a7e8782-7d82-4c48-a5cc-31cc5dfdd437
7642473648,2021-01-23T00:47:05Z,7e5829c9-2160-4fbd-84d1-4811d3ecb914
536879680,2021-01-23T01:38:10Z,6fd4dcee-d3d3-4762-b5ec-02cf9d043ade
1201294592,2021-01-23T01:57:32Z,80a77d33-c2d9-4da6-aa80-f20c850ea567
8733760578,2021-01-23T02:18:36Z,5d232391-0fc8-4386-b368-656a955697a3
9987375995,2021-01-23T02:53:32Z,c91735ec-7421-4600-84b5-b25963c48ec3
6676575795,2021-01-23T02:59:30Z,d5d814a5-68b3-45b9-a23f-1eb38ad9eba4
2665208296,2021-01-23T05:05:22Z,8b61ebd5-2f1e-4e9d-88c2-68bb4f0e7b33
6418763149,2021-01-23T05:41:06Z,33b6b896-6206-41ac-89f8-4820f7c7f510
6073451792,2021-01-23T05:44:34Z,0538a2e7-2c7a-4a48-9c22-f4014e63ceca
5380774148,2021-01-23T06:10:25Z,0d52d386-bb6e-4ca7-9308-c3553615e234
7270484546,2021-01-23T06:22:06Z,a8e0b8a6-f259-4546-bf55-a63fbfe2e199
4189246271,2021-01-23T06:43:45Z,7e48d2e2-0933-48e6-bd55-7e10ec332b02
6681277551,2021-01-23T07:11:57Z,694f4f84-4a91-4fae-9b02-73fcc79b0e65
7831894136,2021-01-23T07:18:21Z,73258efa-2dcc-4b40-aac0-3b2f5727f581
3251393065,2021-01-23T07:32:18Z,c38e2a55-a44e-4c53-8e41-d5efc0eee7b3
6903899197,2021-01-23T07:34:45Z,71dc4539-109a-4900-8e96-b8b485ab6f67
1488952132,2021-01-23T07:37:15Z,1a050aff-d95d-4620-8403-7df73ecac89e
757206530,2021-01-23T09:37:17Z,735358b7-0c31-4967-a3f0-0a126f13fe76
3050192739,2021-01-23T10:20:18Z,cd733392-5e5e-4596-b4ec-7b16c9d86f13
2387812956,2021-01-23T10:46:27Z,4b0e56d2-a9d3-4d6a-b333-2707e00737a0
3735308538,2021-01-23T10:49:19Z,2d40c865-7437-42c9-887f-81d4f183164b
8504005879,2021-01-23T11:08:10Z,1407157b-df36-4432-ace7-621ac0c3d20c
4458418769,2021-01-23T12:49:03Z,e56bd5c0-4a37-4e34-860a-f475ae3cbb65
3412874183,2021-01-23T12:56:53Z,d9ebc42a-198e-4c97-ba6f-4b2154272fc7
3564537643,2021-01-23T14:23:17Z,9753e415-2a64-493f-8871-48f2f16452b6
6897565814,2021-01-23T14:59:40Z,ea69a423-ca31-4533-8b7c-ff699e385292
355534258,2021-01-23T15:25:36Z,b548d020-1cb5-4e55-ae05-14b37f36b041
3358152669,2021-01-23T17:15:44Z,9f537738-c554-4f8a-a291-5c4a59fd85bb
6782458780,2021-01-23T17:36:56Z,7b0e6de2-abc4-46ed-a9b4-4eeeacc85bd2
4415566197,2021-01-23T19:23:44Z,f2c0eb81-417d-4db5-b474-fc39c07aef2a
1566578418,2021-01-23T20:07:43Z,fdbfe3b9-37f0-4b87-b26c-1c7b793a31ad
47350687,2021-01-23T22:15:06Z,c97b48b3-da67-4c74-8e1d-856554adf984
8952756029,2021-01-23T22:32:46Z,58f3c41e-999a-411d-bad0-90d653026ccf
9335095419,2021-01-23T23:00:14Z,49a1f707-2cf3-4925-b243-702b1f618f67
8906783345,2021-01-24T02:07:54Z,15b60c31-9d77-48a5-b03b-c3b0126d6ffb
4733097077,2021-01-24T02:47:02Z,7760400a-1a78-4aa9-8cb3-fb1251d49bbc
1777888182,2021-01-24T03:17:45Z,7269be45-b453-4bff-8348-c37573c3f5d4
6854429625,2021-01-24T04:34:06Z,213e01f9-8ac4-4f93-ba59-e44fa5c17241
3306465984,2021-01-24T05:42:19Z,b4ac8530-880c-4203-8734-a871d1bfbce1
9586446042,2021-01-24T06:40:50Z,89576168-f7d1-4bec-9afd-c3d0b9f7eb1a
5199419781,2021-01-24T06:51:34Z,1bbf2b4a-aa70-4d05-908b-5359eec04648
9901265819,2021-01-24T06:58:19Z,98456062-27c5-45ec-86e6-bd40e18b9f52
5036448006,2021-01-24T07:19:00Z,13d079a1-314d-4e0a-87f1-9ae13a4ceb61
2782297937,2021-01-24T08:28:32Z,de28f9d2-ac47-4b70-a1d4-6f4da6722f5c
485757311,2021-01-24T08:47:37Z,4e837a20-4053-47e8-a0ab-be236a2f67ba
6115569494,2021-01-24T09:02:25Z,d14396d3-4689-4569-907e-9ab82e94fabf
1165500124,2021-01-24T10:05:59Z,2e5c75da-fdb3-4423-a17f-f8a47342b94b
100330126,2021-01-24T10:10:49Z,84619373-25df-4352-bcfc-59eb1ec0e729
9106576605,2021-01-24T10:53:30Z,dcab239b-e8fd-460a-8465-3927065868a9
1418939811,2021-01-24T11:13:58Z,b036771e-0b85-4ae4-b1e4-e9d1cd6a4ec9
1423296044,2021-01-24T11:15:54Z,74e842af-45be-4ba3-9f28-1697f9ce85d3
8220110295,2021-01-24T12:51:55Z,a803d1a5-6bcf-4edf-98fe-b02f7a0edf36
5485944507,2021-01-24T13:04:39Z,3aab9d1a-2bfc-4db1-b0ed-a2980d4fe9d7
6937222920,2021-01-24T15:00:04Z,c6563a0f-6f73-4232-b52e-271717bf6d12
439203481,2021-01-24T15:05:12Z,e248e80d-3321-4dac-8dfc-b90ccc59c4ec
1824100507,2021-01-24T15:21:56Z,e1ae63ed-2ce7-4a20-a388-650ae562e552
2366029357,2021-01-24T16:04:01Z,e8ec9037-9837-4266-9f3b-df93fd8c180c
9436517556,2021-01-24T16:22:25Z,18136290-fec2-489c-aad3-77e4610e7b9d
5301614053,2021-01-24T17:04:55Z,9b587843-c9d7-4152-8963-5b9980aa97fe
4072085278,2021-01-24T17:15:16Z,8f366835-6aa0-485e-a52d-13c81f1b1d00
1653662417,2021-01-24T18:28:52Z,3788bf7f-79cb-42f3-80c1-7d33da67769f
2110300736,2021-01-24T18:38:12Z,23fff137-2a2c-4e8d-92cf-e4f4c660165a
6368868988,2021-01-24T18:45:12Z,c855403b-a07b-4aa4-88bf-49a3f32b9061
9594798637,2021-01-24T19:53:53Z,d0393aa7-ffc0-43b9-af32-65e7cdf845de
7625561380,2021-01-24T20:18:15Z,306d3c36-b6dd-45f4-8a43-8844220824a0
7487525724,2021-01-24T20:42:49Z,0c57c65b-8e77-4b12-aaff-2e19ee04bf7c
1730841325,2021-01-24T20:43:04Z,ffb19bbf-8945-485d-bc05-24cca49d1365
1167622731,2021-01-24T21:02:12Z,a9d02485-6237-4ab4-abbe-f54fe1029f12
1655475258,2021-01-24T22:04:22Z,422acdad-875b-4ab8-a6ae-6c596f54a9d3
4969559880,2021-01-24T22:22:23Z,617ffdf7-051f-4189-8d2f-28d231bd023f
8688736421,2021-01-24T22:43:53Z,a20688ef-a871-40e9-9363-b9b2d31107bd
6542659714,2021-01-24T23:00:21Z,df1e0af6-1ce3-499f-932c-810eddcda9f0
7837112679,2021-01-25T00:50:26Z,fb2bbf2a-31ed-43af-a90a-2793fc2ddd39
6280276279,2021-01-25T01:25:40Z,0635d3d5-3d6d-4b00-be46-6bd415f1eaec
2501651448,2021-01-25T04:37:36Z,e54eb084-60e4-4695-8b71-d9eb9b9905b0
6595093995,2021-01-25T05:26:27Z,e4111540-fc70-4275-b9f6-a933dc7f8f65
4595314000,2021-01-25T06:24:46Z,d8ae7e01-5850-4a65-9027-442ce1f38071
1756370842,2021-01-25T07:36:00Z,dfe41a80-8f70-4e33-836e-160e981549f4
8328472902,2021-01-25T09:23:17Z,a706521a-c4f7-4020-86d4-7a981ec786fa
2229088874,2021-01-25T11:34:21Z,36628b87-2683-4360-978c-4a6191698a4d
9563264312,2021-01-25T11:37:34Z,2870c3fd-ca2e-448a-86d5-be5087d62e30
4723423508,2021-01-25T12:00:01Z,38d21bc7-5d7c-4649-b5fa-dd8d2b394b43
6323270358,2021-01-25T12:45:12Z,f062d8b2-fa09-4381-9d12-969ec7c88a80
6614377930,2021-01-25T12:53:55Z,429230e7-ee01-4901-a21f-2e0189d2dd6a
8127586250,2021-01-25T13:09:33Z,fff0c40f-2bab-47a1-8ec4-4eab2edcf689
5706327505,2021-01-25T13:43:09Z,0646c0a3-e063-414e-a309-9c4b15e5111b
4390527630,2021-01-25T13:46:56Z,5347a435-2916-441c-95ce-04e2a0c6dd5c
7492400918,2021-01-25T14:49:15Z,9c8c8b16-9bec-41ca-9cba-19fbb5524e45
6490800454,2021-01-25T15:08:48Z,bb59c06b-c33f-4b1d-bc21-e12cb8c016a3
7252321177,2021-01-25T15:24:12Z,0be40322-7de5-417e-859f-814025677128
8191513897,2021-01-25T17:37:58Z,87c635ef-b618-4ba8-a21c-d7bcea313bf2
9931762268,2021-01-25T19:46:20Z,f05ee6ef-34a3-4118-b0ad-40a0f0e2a311
5804530577,2021-01-25T20:46:32Z,e3c02712-b047-4aef-94d3-b68fa67072b1
836275268,2021-01-25T21:26:28Z,002f98b2-c2ac-445d-aa9b-fe36e1d98629
8074978761,2021-01-25T21:53:45Z,6137859a-10af-4b73-a132-cdbdaa6af0f8
7692236984,2021-01-25T22:13:33Z,8246f4e8-0bba-4bed-8bff-83910db05069
1802554602,2021-01-25T22:23:16Z,290e5ed8-98a1-40cb-a131-fd03592f8d25
4627468490,2021-01-25T22:32:50Z,14523217-7727-498e-a7f7-a3a06f77a41d
1176507575,2021-01-25T22:42:07Z,e842e7bc-6bcc-4890-b6ab-d111e45f77b3
1422221393,2021-01-25T23:02:12Z,3a27ab73-5140-4928-9806-8abd3fe307d1
3998544127,2021-01-26T01:04:39Z,2ef4280c-c037-44b7-92e8-760cd474d275
9115609537,2021-01-26T01:17:09Z,d98df072-0cf8-4e34-bb81-853abdf6ce7d
780605837,2021-01-26T01:54:23Z,fab6f8ff-3116-4e63-bcfd-864faae9b869
6166271409,2021-01-26T02:06:43Z,be826f80-9e0b-45cd-a46a-f0a0a705480d
6870964734,2021-01-26T02:12:20Z,ed92ff21-47e0-4b8a-89cb-002904d79c8b
9241712090,2021-01-26T02:13:42Z,c3b54c8f-53ce-4902-9ded-dabd00c83d71
6361002373,2021-01-26T03:39:46Z,454c77e0-6609-4cab-a1a7-cd8d9c4a3077
5399211513,2021-01-26T03:56:56Z,ff08caf7-ca08-4391-84dc-e92cfa64a5da
3428045386,2021-01-26T04:22:39Z,3a51fe97-36ad-450c-925c-ca654574aeb4
6430100472,2021-01-26T04:56:05Z,9ed38d21-fa22-4d8d-a9e7-cdc0dac5eb53
160070570,2021-01-26T05:01:42Z,d49d12d0-5a67-406b-9098-e8475e288ad7
7848627403,2021-01-26T05:18:56Z,7107447a-8c3e-4249-ae50-e5d6ff75955e
7806257004,2021-01-26T05:55:06Z,372605df-27a4-4830-87b9-0954fc68c314
9426203192,2021-01-26T06:46:08Z,816f572d-fbe4-4977-9117-d970772a73cd
3159516377,2021-01-26T07:49:15Z,069a39fc-f3a3-46f1-ba2c-6555b8fccd5f
4782625936,2021-01-26T08:17:37Z,6595b073-783b-4932-a917-f6d91f726617
5654566776,2021-01-26T08:28:34Z,b67ad39d-68b8-4eba-936b-ad586cbdec22
7786733256,2021-01-26T10:21:54Z,7c63d01b-7d41-4461-8ea1-c3c0367cb7e4
2451833386,2021-01-26T10:32:10Z,6034e83c-ba9b-412c-a0c9-0abc41a747c0
5617095021,2021-01-26T11:02:29Z,a99121a8-a566-4f83-a57e-dd3bc54072f3
3936542201,2021-01-26T11:30:08Z,e5a6dd74-5fe4-4435-bf16-04bb15da4e12
5141290476,2021-01-26T12:52:41Z,5d91b604-afeb-48e5-8f3a-69f3f797a538
9463132198,2021-01-26T13:14:05Z,88f0ed00-b3dd-47e0-b49b-15f8b9bffd92
9203760849,2021-01-26T13:34:07Z,71663956-e23f-483e-9704-4eab180a971c
9490039551,2021-01-26T13:49:34Z,f015ed5b-1c7f-4c6c-8aed-673a9fbc4bc9
6678725174,2021-01-26T14:25:23Z,1240ba9c-6fba-4361-b696-2341a853d46b
1126526959,2021-01-26T14:43:08Z,03cd49b1-96b1-47a1-b707-a8418357da3a
6436030573,2021-01-26T15:12:29Z,785b6392-9ded-4b72-8892-780a7a8ab224
9365041295,2021-01-26T15:45:58Z,e04bcbd7-f726-446a-92ed-c4f18938c1eb
1795071958,2021-01-26T16:17:17Z,a134415f-4297-4e93-8e75-c7a77811d210
1979921695,2021-01-26T16:27:42Z,a1dd627a-a5df-44f2-9a9d-1aa60d2f62aa
7083052352,2021-01-26T16:36:45Z,65303b2c-8c06-4cf9-a7df-8a8a5fe3953b
8285960196,2021-01-26T17:20:29Z,afef978b-795c-4ad8-9722-7815edb7282d
6065832073,2021-01-26T17:30:35Z,cfdc4483-9c55-47a4-94fc-35a495008e39
1869213254,2021-01-26T17:41:11Z,547952ce-15b2-4c02-b457-f7591a91efb1
7902690104,2021-01-26T18:32:31Z,bc61dbcf-3a84-4830-b003-42e3e9426725
1302000101,2021-01-26T19:24:09Z,17192927-ef1a-4dcb-8999-54e04dca8ade
8545556918,2021-01-26T19:26:21Z,c489f0d5-aead-4e71-a6fe-5c94355692f2
740652737,2021-01-26T20:53:37Z,7e52ee41-33bd-48c8-958b-9f713d127d31
4943035744,2021-01-26T22:29:42Z,bfdda2dc-c8a8-46ab-8d1d-97ad60faa550
9238570426,2021-01-26T22:39:21Z,1e810513-681f-423c-9492-b04b8faca212
2858605793,2021-01-26T23:44:15Z,eb2608de-a8c0-4c56-bd03-80931658147b
7740076619,2021-01-27T00:23:38Z,85047ef3-2cdf-4e7f-b1ea-811128ca0e4f
6359228823,2021-01-27T00:38:10Z,b4973bc1-513c-408d-bfc5-b1606eed2014
652311083,2021-01-27T00:55:01Z,1285e93c-43d5-4eaf-a5c2-14a432683ebc
2651665126,2021-01-27T01:17:45Z,28bf41f9-8ec4-4266-9935-d9f708b69355
9034126730,2021-01-27T01:26:31Z,a7f80b37-799b-42c7-8d43-f45325ad0f90
3400092185,2021-01-27T01:27:21Z,dd4d18cc-d6ed-4bb8-a14a-4b4dc7bee3dc
1200096568,2021-01-27T02:26:59Z,c47b1134-79d1-4f93-810d-581644991b32
3966736322,2021-01-27T06:08:01Z,0a90c467-a9c9-4d8c-9665-d23af061e474
8923261874,2021-01-27T06:08:24Z,94a05bb1-64d0-453c-bc7e-b67d7a536c28
9840361198,2021-01-27T06:21:11Z,75562906-3d08-42d9-88d8-469481f93bff
6226112468,2021-01-27T06:58:50Z,cf959071-dd6b-46b5-9b9e-661b34a1d66b
3896435213,2021-01-27T08:06:24Z,98544cf0-7dc1-44da-bfcc-58e2589b1d9b
541190571,2021-01-27T08:11:49Z,ef5faab2-2e04-4c40-bb0a-42680d956141
8480916966,2021-01-27T08:26:36Z,593cc7c2-30be-4a72-9331-6f9822d13f14
7472129089,2021-01-27T08:32:41Z,c926cef8-1b5d-4b8b-853f-c680a695d187
3003458450,2021-01-27T09:49:19Z,33cf10c3-8a66-4891-bf17-166eb0da0742
490213642,2021-01-27T10:25:53Z,8af4541a-08b9-4978-ada6-4719c0757fb4
5265779345,2021-01-27T11:00:43Z,17a81506-9e1d-4f4b-a823-00b8566b9517
3538448574,2021-01-27T11:45:32Z,72f12e0e-bee8-4235-b3c0-d639f2f0055d
8596163875,2021-01-27T11:49:09Z,f272d5f8-ba37-4dff-806d-bd82532c62b3
1520448139,2021-01-27T12:37:46Z,a7ea0c30-a95a-497b-8c3b-ecc6944dbceb
7467279809,2021-01-27T12:47:59Z,535e86f8-12eb-4be3-b61f-9eb778eed7a7
2188795490,2021-01-27T16:32:12Z,95dd8127-4916-4fb4-a4e2-32ec806736bc
2607756421,2021-01-27T16:41:33Z,52a7eb7f-bdbb-4dcb-a7e7-f9d858342fbc
3071204817,2021-01-27T16:55:06Z,3db21ac8-554e-4722-baf8-7db78bebd490
371967724,2021-01-27T18:31:42Z,a6e22a4a-6584-47a9-92e6-980c32e7417a
5436868223,2021-01-27T19:13:20Z,85e8dfaf-d661-4732-b5b2-ecb84b1c0777
9311234958,2021-01-27T19:19:58Z,b55e41a4-e76c-4a5b-b81d-f3fe002f3b58
4169531779,2021-01-27T19:29:44Z,96b58d27-f5e6-449f-a88c-e7c35b6b1af7
7648844338,2021-01-27T21:02:37Z,c6072712-55b5-4449-9c20-c80c1cdd4c03
4699557023,2021-01-27T21:56:52Z,79bc51db-3acd-48cc-8690-1b592297c085
289267927,2021-01-27T22:53:53Z,53ba2ef8-30be-4318-9843-3027d9934c28
8490482837,2021-01-27T23:31:28Z,106f299a-25a9-4cc4-88f9-95c511556d4e
6327354122,2021-01-27T23:35:25Z,f0f5cf3f-df97-4401-bbca-438ecf4f8d7f
9248035108,2021-01-28T00:38:48Z,f0c52a51-e2ed-421e-934a-4811350e7278
4444057416,2021-01-28T01:36:50Z,35ab47aa-d158-4fae-b9b2-5fd30e73abe0
6275342943,2021-01-28T02:34:49Z,f84c1167-1754-4f68-a324-342609a0ef4f
8034770108,2021-01-28T03:08:14Z,830eff9c-427e-4661-86e4-a61e570d651d
1727493028,2021-01-28T03:34:53Z,914ba0a0-eead-406f-b3e7-60f960d540b1
3475406969,2021-01-28T04:18:15Z,410b6e36-082c-41d3-95d6-d3c7772f15d7
1822720567,2021-01-28T04:43:36Z,4ac5e5bb-2c41-4210-ba76-f9676ed75fb0
9763370396,2021-01-28T05:39:42Z,dff5464e-9aaa-49e0-9274-0476f9e79913
8760134631,2021-01-28T05:41:46Z,2d5c10b2-fdd4-4654-b347-cc5cfd10440e
4685434137,2021-01-28T06:39:11Z,67bea49f-4083-4062-a9b2-585d6d7ba580
5026022839,2021-01-28T06:43:12Z,a5fecd15-3dce-42a4-9459-bf610eece93e
639721931,2021-01-28T08:26:14Z,14755f1c-f8e2-49ff-8c5b-0a6dfbc09f13
5727234174,2021-01-28T08:35:14Z,3e605297-22fb-4c23-9c8a-927416963a02
5020219967,2021-01-28T09:07:18Z,f5db033a-92fc-43f0-98c3-cbd22784cd17
3302708874,2021-01-28T10:02:01Z,2a8efbcc-9b20-40ac-bc8a-e90249ee5df9
9374187124,2021-01-28T10:28:04Z,ae33f207-c9d2-4a0b-8394-34d98aacbd0c
9437021783,2021-01-28T10:28:24Z,8bca0fac-4abe-4149-9030-9ccdc9841c05
289642566,2021-01-28T13:56:26Z,a6477127-998a-41c2-9b6c-e532bae1aaa6
9127168832,2021-01-28T14:25:21Z,f33f013c-d496-4eea-9aaf-7cc7d71697c8
2298413630,2021-01-28T17:37:21Z,f73a325b-78eb-4f91-bde4-db58d7e770f4
6119616810,2021-01-28T18:50:40Z,e423d021-70cf-4ddb-b1a7-4b57fbcc44ee
70885958,2021-01-28T19:16:33Z,25e2a4a2-bd30-4e1a-a8fd-3bb349ebb6ef
8282993409,2021-01-28T21:30:00Z,ab1b3721-876b-4680-bcd8-d3dd7af301f6
1698295448,2021-01-28T21:43:00Z,10915a5b-cc2f-4435-b564-f66e35ce6a0f
1266819924,2021-01-28T21:56:36Z,24371a32-faab-4b05-8fdc-34e80e2ffdac
8631041610,2021-01-28T22:42:39Z,233016ea-b84a-431b-8d33-7f4ee73a2557
532665066,2021-01-28T22:53:55Z,e99ccff4-e19b-4ea9-aec3-de32caf5e26e
729384292,2021-01-28T23:18:57Z,573360a0-3bea-418d-842f-c297127438ff
3311699513,2021-01-28T23:39:18Z,d1dbb426-a89b-4c03-a673-bcc3723ca060
2710962748,2021-01-29T00:56:50Z,f467925e-89f6-432f-a9f1-7d06a031f3ed
827976895,2021-01-29T01:52:33Z,6389fc7b-85e0-4af8-b014-93275172ef50
6860287977,2021-01-29T02:54:48Z,49c38acd-a8e4-4e82-b8dd-fd1db500278f
6802050498,2021-01-29T03:32:49Z,f592eec5-d875-4267-9973-f55675a501bd
425047547,2021-01-29T03:58:02Z,c768fe94-ae76-43c1-bcc4-df7e7978b435
1322236895,2021-01-29T05:47:24Z,0e5ab19a-c094-4e8f-b809-21ee7da9c4fb
3075068853,2021-01-29T07:43:40Z,59918be5-be19-4ac9-b6ec-bf4ae3828787
4758132836,2021-01-29T08:47:52Z,4ef0b8ce-0c98-42a2-af7e-201e90f48642
7343291467,2021-01-29T08:59:43Z,ecb2019a-e7ec-4aed-977b-54f47b237571
7285489131,2021-01-29T10:08:10Z,2a014630-6cae-4c79-843c-5f8cf67108b3
1874338515,2021-01-29T10:10:29Z,b57cbdee-77a7-426a-83b8-d878b59301c0
6058240093,2021-01-29T10:33:09Z,49147044-de97-41b9-a031-b0791847b52d
1211804607,2021-01-29T10:38:06Z,59178460-6a99-4e7b-843b-176194604b0c
7788835781,2021-01-29T11:18:22Z,c6011b7e-0a0b-4c84-96fc-b0c383d420e8
6298704884,2021-01-29T11:50:37Z,932b799b-a881-4ccd-a233-0d150cd4c1e8
1126028541,2021-01-29T12:33:10Z,4fbb6332-61a3-4160-828e-4c259f74567b
2558542338,2021-01-29T13:09:54Z,0ced2faa-95e1-428e-925c-8871952e4f82
2674661933,2021-01-29T13:14:18Z,04643d67-bbb6-4c51-8a5c-c964bc9d1998
6595415402,2021-01-29T13:22:16Z,47b910a7-8377-486c-9097-9830b8d2e9e7
851473156,2021-01-29T14:42:13Z,2f1f6fb2-4f45-4e54-bf3a-65a18644f1a1
9473863047,2021-01-29T16:18:12Z,e0ea7218-422a-4639-964b-018d998e3f6d
5114264508,2021-01-29T17:28:00Z,f3bf950c-26c9-4dd4-9498-0cbc9483142c
3294743165,2021-01-29T17:57:21Z,793aeece-ca65-42e6-8b73-1972f1c893b3
4219648283,2021-01-29T18:01:10Z,adf5e380-42e1-4e71-85af-b70445028e3d
6778963360,2021-01-29T18:01:56Z,d147fc97-ebdb-4d8e-9767-57285ff82d56
9901083370,2021-01-29T19:15:33Z,5ffb0ea4-2fef-463d-820c-6adbe79ddc9b
5249292399,2021-01-29T19:23:42Z,d757411a-07a1-41f1-b282-9e80f72dd2de
5019855871,2021-01-29T21:44:45Z,3533d1ed-1ca7-4f8a-bca8-1bed26971f1f
5481116324,2021-01-29T21:45:13Z,6d481574-c18a-49b0-bdf8-585e8ab64ece
9852002805,2021-01-29T23:06:43Z,4e29a8d3-05a2-4e90-b062-6814952d10d4
332730123,2021-01-29T23:12:16Z,b2379021-4271-4cb7-a2d4-6f7cdfea05df
3581491427,2021-01-29T23:44:12Z,236e8e26-e1a7-4bbc-9d7d-0b04b7d9b583
2859178805,2021-01-29T23:59:29Z,7e549534-9712-42f0-98d6-770386f5f436
1529334918,2021-01-30T00:35:11Z,e83bfcd2-0b6b-49b7-b545-43166e7dddb7
7643986908,2021-01-30T00:36:34Z,f8283a7e-6f8d-4ce0-9dc6-967f02a6d0b1
2831848717,2021-01-30T00:47:40Z,d4987c28-c601-4df4-ab84-f496a97e991b
8698837239,2021-01-30T01:25:13Z,b11e7afe-e908-42c1-a688-2fde70f10215
2845995997,2021-01-30T01:58:10Z,8ac5b7a7-c639-4870-846e-b68c9e122228
8360684979,2021-01-30T02:39:39Z,a8d5c1d5-c06a-4de3-8d5f-a5eb7fad8ea2
108581268,2021-01-30T02:42:44Z,da06b56d-7fbb-459a-b815-a3ac50d7d0e4
9338483185,2021-01-30T05:12:18Z,cf43356e-3b2b-4d1b-9e6b-2f2a4fbcb40b
5796783629,2021-01-30T05:45:22Z,eb313156-a3e3-4d3c-bc1d-05efeef9df19
8884965381,2021-01-30T07:20:13Z,758171f7-8816-42d1-b823-6ab5a71329ad
5454297836,2021-01-30T07:24:15Z,637bf6eb-8d0c-4a4d-9d3d-6fc5e2f8480d
6890261909,2021-01-30T09:53:47Z,500f33d6-b46b-4a59-b7d7-de8eeb64da41
2307961429,2021-01-30T09:55:33Z,b6e588c1-fe2f-4e29-ad99-a55db9dbfc7b
7619948538,2021-01-30T10:47:18Z,d9f92b72-eabc-4be3-b132-efd190887f9b
5288002568,2021-01-30T11:18:48Z,b6e22e33-7051-4052-8c47-6c12ca8ebc5b
6799329857,2021-01-30T11:32:53Z,780f75fe-f71e-40cf-a829-73b8c7113a50
9038578431,2021-01-30T12:14:44Z,46bb041a-c81f-4077-a1da-162ffbc60b74
9647976119,2021-01-30T12:36:23Z,3cd5a1b2-3749-41f9-80e0-58613682286b
6466826961,2021-01-30T13:02:04Z,49293bbf-4cc3-4b25-abfb-ccbd4fad8606
1262143160,2021-01-30T13:26:41Z,9c38fdb3-caba-4cf4-8665-de33e8e2e62f
9622692001,2021-01-30T19:28:09Z,ad154bfa-d536-40f1-9d7d-ec0e85b78885
5250022383,2021-01-30T21:03:33Z,98535ab7-44fc-40cf-9ca9-9ec8bf73e639
2930965177,2021-01-30T22:29:57Z,3a3509d3-6e71-4d16-8868-8dd1827ec4ec
1438351011,2021-01-30T23:48:03Z,8f4b62cd-10d6-4cfe-871b-33c1e3d3ccd3